operator_id,inbound_attempts,inbound_records,total_inbound_wait_seconds,active_inbound_days,missed_inbound_calls,missed_inbound_rate,avg_inbound_wait_per_call_seconds,share_total_missed_calls,active_inbound_weeks,above_10pct_project_reference,exploratory_30plus_calls_view,outbound_calls,outbound_records,active_outbound_days,active_outbound_weeks,outbound_calls_per_active_day,total_assigned_calls,inbound_call_share,outbound_call_share
879896,58.0,21.0,574.0,21.0,0.0,0.0,9.89655172413793,0.0,9.0,False,True,872.0,96.0,49.0,15.0,17.79591836734694,930.0,0.06236559139784946,0.9376344086021505
879898,104.0,57.0,1680.0,56.0,0.0,0.0,16.153846153846153,0.0,17.0,False,True,7209.0,170.0,82.0,18.0,87.91463414634147,7313.0,0.014221249829071516,0.9857787501709285
880020,7.0,7.0,54.0,7.0,0.0,0.0,7.714285714285714,0.0,4.0,False,False,38.0,13.0,7.0,3.0,5.428571428571429,45.0,0.15555555555555556,0.8444444444444444
880022,8.0,8.0,112.0,8.0,0.0,0.0,14.0,0.0,5.0,False,False,189.0,62.0,36.0,12.0,5.25,197.0,0.04060913705583756,0.9593908629441624
880026,24.0,18.0,143.0,18.0,0.0,0.0,5.958333333333333,0.0,14.0,False,False,2208.0,164.0,77.0,17.0,28.675324675324674,2232.0,0.010752688172043012,0.989247311827957
880028,63.0,41.0,343.0,41.0,0.0,0.0,5.444444444444445,0.0,16.0,False,True,2497.0,161.0,78.0,17.0,32.01282051282051,2560.0,0.024609375,0.975390625
880240,0.0,,,,0.0,,,,,,,47.0,12.0,7.0,3.0,6.714285714285714,47.0,0.0,1.0
881278,0.0,,,,0.0,,,,,,,20.0,8.0,5.0,5.0,4.0,20.0,0.0,1.0
882476,3.0,3.0,95.0,3.0,0.0,0.0,31.666666666666668,0.0,3.0,False,False,0.0,,,,,3.0,1.0,0.0
882478,3.0,2.0,76.0,1.0,0.0,0.0,25.333333333333332,0.0,1.0,False,False,1.0,1.0,1.0,1.0,1.0,4.0,0.75,0.25
882680,99.0,43.0,1591.0,40.0,3.0,0.030303030303030304,16.07070707070707,0.0032397408207343412,16.0,False,True,0.0,,,,,99.0,1.0,0.0
882684,613.0,50.0,9526.0,46.0,4.0,0.0065252854812398045,15.539967373572594,0.004319654427645789,11.0,False,True,661.0,104.0,58.0,13.0,11.39655172413793,1274.0,0.4811616954474097,0.5188383045525903
882686,766.0,68.0,11271.0,63.0,6.0,0.007832898172323759,14.714099216710183,0.0064794816414686825,14.0,False,True,2884.0,156.0,77.0,16.0,37.45454545454545,3650.0,0.20986301369863014,0.7901369863013699
882688,15.0,2.0,673.0,2.0,0.0,0.0,44.86666666666667,0.0,2.0,False,False,43.0,7.0,4.0,3.0,10.75,58.0,0.25862068965517243,0.7413793103448276
882690,171.0,22.0,7102.0,20.0,2.0,0.011695906432748537,41.53216374269006,0.0021598272138228943,6.0,False,True,1417.0,41.0,21.0,5.0,67.47619047619048,1588.0,0.10768261964735516,0.8923173803526449
883018,0.0,,,,0.0,,,,,,,2.0,1.0,1.0,1.0,2.0,2.0,0.0,1.0
883898,0.0,,,,0.0,,,,,,,1.0,1.0,1.0,1.0,1.0,1.0,0.0,1.0
883940,6.0,5.0,76.0,5.0,0.0,0.0,12.666666666666666,0.0,3.0,False,False,632.0,31.0,16.0,5.0,39.5,638.0,0.009404388714733543,0.9905956112852664
883942,77.0,35.0,543.0,35.0,0.0,0.0,7.0519480519480515,0.0,14.0,False,True,2030.0,114.0,57.0,15.0,35.6140350877193,2107.0,0.036544850498338874,0.9634551495016611
884294,1.0,1.0,6.0,1.0,0.0,0.0,6.0,0.0,1.0,False,False,0.0,,,,,1.0,1.0,0.0
884402,0.0,,,,0.0,,,,,,,4.0,3.0,1.0,1.0,4.0,4.0,0.0,1.0
884406,0.0,,,,0.0,,,,,,,3.0,2.0,1.0,1.0,3.0,3.0,0.0,1.0
884408,35.0,14.0,924.0,10.0,4.0,0.11428571428571428,26.4,0.004319654427645789,5.0,True,True,25.0,11.0,7.0,5.0,3.5714285714285716,60.0,0.5833333333333334,0.4166666666666667
884412,18.0,16.0,750.0,16.0,0.0,0.0,41.666666666666664,0.0,8.0,False,False,748.0,97.0,55.0,17.0,13.6,766.0,0.02349869451697128,0.9765013054830287
884478,22.0,12.0,323.0,12.0,0.0,0.0,14.681818181818182,0.0,6.0,False,False,2270.0,73.0,38.0,11.0,59.73684210526316,2292.0,0.009598603839441536,0.9904013961605584
884524,2.0,2.0,19.0,2.0,0.0,0.0,9.5,0.0,2.0,False,False,0.0,,,,,2.0,1.0,0.0
884946,12.0,7.0,159.0,7.0,0.0,0.0,13.25,0.0,5.0,False,False,1847.0,75.0,40.0,15.0,46.175,1859.0,0.006455083378160301,0.9935449166218397
885682,0.0,,,,0.0,,,,,,,3.0,3.0,3.0,2.0,1.0,3.0,0.0,1.0
885876,992.0,90.0,9017.0,73.0,20.0,0.020161290322580645,9.089717741935484,0.02159827213822894,16.0,False,True,58437.0,193.0,97.0,16.0,602.4432989690722,59429.0,0.016692187315956855,0.9833078126840431
885890,1244.0,94.0,11306.0,73.0,26.0,0.02090032154340836,9.088424437299036,0.028077753779697623,12.0,False,True,58977.0,159.0,80.0,12.0,737.2125,60221.0,0.02065724581126185,0.9793427541887382
886146,1.0,1.0,9.0,1.0,0.0,0.0,9.0,0.0,1.0,False,False,49.0,16.0,9.0,6.0,5.444444444444445,50.0,0.02,0.98
886674,11.0,9.0,168.0,9.0,0.0,0.0,15.272727272727273,0.0,6.0,False,False,0.0,,,,,11.0,1.0,0.0
886892,2.0,1.0,58.0,1.0,0.0,0.0,29.0,0.0,1.0,False,False,0.0,,,,,2.0,1.0,0.0
887276,431.0,69.0,12159.0,66.0,3.0,0.0069605568445475635,28.211136890951277,0.0032397408207343412,14.0,False,True,896.0,198.0,70.0,15.0,12.8,1327.0,0.32479276563677467,0.6752072343632253
887278,52.0,24.0,899.0,24.0,0.0,0.0,17.28846153846154,0.0,9.0,False,True,256.0,75.0,41.0,11.0,6.2439024390243905,308.0,0.16883116883116883,0.8311688311688312
887280,0.0,,,,0.0,,,,,,,8.0,6.0,5.0,2.0,1.6,8.0,0.0,1.0
887282,28.0,20.0,1249.0,20.0,0.0,0.0,44.607142857142854,0.0,12.0,False,False,2327.0,92.0,46.0,14.0,50.58695652173913,2355.0,0.0118895966029724,0.9881104033970276
887416,18.0,11.0,301.0,11.0,0.0,0.0,16.72222222222222,0.0,8.0,False,False,0.0,,,,,18.0,1.0,0.0
887802,16.0,6.0,209.0,6.0,0.0,0.0,13.0625,0.0,4.0,False,False,121.0,52.0,37.0,12.0,3.27027027027027,137.0,0.11678832116788321,0.8832116788321168
887992,0.0,,,,0.0,,,,,,,47.0,6.0,3.0,2.0,15.666666666666666,47.0,0.0,1.0
888406,9.0,7.0,255.0,7.0,1.0,0.1111111111111111,28.333333333333332,0.0010799136069114472,6.0,True,False,6.0,6.0,6.0,6.0,1.0,15.0,0.6,0.4
888520,6.0,5.0,94.0,5.0,0.0,0.0,15.666666666666666,0.0,5.0,False,False,0.0,,,,,6.0,1.0,0.0
888532,12.0,9.0,289.0,9.0,2.0,0.16666666666666666,24.083333333333332,0.0021598272138228943,5.0,True,False,188.0,76.0,51.0,13.0,3.6862745098039214,200.0,0.06,0.94
888534,61.0,36.0,1756.0,32.0,2.0,0.03278688524590164,28.78688524590164,0.0021598272138228943,11.0,False,True,315.0,98.0,50.0,13.0,6.3,376.0,0.1622340425531915,0.8377659574468085
888536,2.0,2.0,43.0,2.0,0.0,0.0,21.5,0.0,2.0,False,False,52.0,29.0,23.0,11.0,2.260869565217391,54.0,0.037037037037037035,0.9629629629629629
888538,1.0,1.0,24.0,1.0,0.0,0.0,24.0,0.0,1.0,False,False,5.0,5.0,5.0,5.0,1.0,6.0,0.16666666666666666,0.8333333333333334
888540,3.0,3.0,59.0,3.0,0.0,0.0,19.666666666666668,0.0,3.0,False,False,14.0,12.0,8.0,5.0,1.75,17.0,0.17647058823529413,0.8235294117647058
888868,20.0,13.0,403.0,12.0,1.0,0.05,20.15,0.0010799136069114472,6.0,False,False,52.0,18.0,9.0,3.0,5.777777777777778,72.0,0.2777777777777778,0.7222222222222222
889410,439.0,79.0,2777.0,79.0,0.0,0.0,6.325740318906606,0.0,16.0,False,True,1015.0,163.0,87.0,16.0,11.666666666666666,1454.0,0.30192572214580465,0.6980742778541953
889638,4.0,3.0,58.0,3.0,0.0,0.0,14.5,0.0,3.0,False,False,0.0,,,,,4.0,1.0,0.0
889640,2.0,2.0,27.0,2.0,0.0,0.0,13.5,0.0,1.0,False,False,0.0,,,,,2.0,1.0,0.0
889754,480.0,72.0,3807.0,70.0,2.0,0.004166666666666667,7.93125,0.0021598272138228943,16.0,False,True,1207.0,127.0,67.0,15.0,18.01492537313433,1687.0,0.2845287492590397,0.7154712507409603
890226,3.0,3.0,82.0,3.0,0.0,0.0,27.333333333333332,0.0,3.0,False,False,3.0,2.0,2.0,2.0,1.5,6.0,0.5,0.5
890228,6.0,6.0,104.0,5.0,1.0,0.16666666666666666,17.333333333333332,0.0010799136069114472,3.0,True,False,86.0,37.0,28.0,11.0,3.0714285714285716,92.0,0.06521739130434782,0.9347826086956522
890232,0.0,,,,0.0,,,,,,,33.0,15.0,15.0,9.0,2.2,33.0,0.0,1.0
890234,0.0,,,,0.0,,,,,,,1.0,1.0,1.0,1.0,1.0,1.0,0.0,1.0
890402,539.0,73.0,5559.0,73.0,0.0,0.0,10.313543599257885,0.0,15.0,False,True,1243.0,147.0,74.0,15.0,16.7972972972973,1782.0,0.30246913580246915,0.6975308641975309
890404,516.0,77.0,5561.0,73.0,2.0,0.003875968992248062,10.777131782945736,0.0021598272138228943,15.0,False,True,1349.0,153.0,75.0,15.0,17.986666666666668,1865.0,0.2766756032171582,0.7233243967828418
890406,425.0,74.0,4021.0,70.0,4.0,0.009411764705882352,9.461176470588235,0.004319654427645789,15.0,False,True,1197.0,142.0,72.0,15.0,16.625,1622.0,0.26202219482120837,0.7379778051787916
890410,16.0,3.0,108.0,3.0,0.0,0.0,6.75,0.0,1.0,False,False,1216.0,144.0,72.0,15.0,16.88888888888889,1232.0,0.012987012987012988,0.987012987012987
890412,23.0,7.0,369.0,7.0,0.0,0.0,16.043478260869566,0.0,2.0,False,False,1112.0,139.0,72.0,15.0,15.444444444444445,1135.0,0.02026431718061674,0.9797356828193833
890416,0.0,,,,0.0,,,,,,,1271.0,139.0,73.0,15.0,17.410958904109588,1271.0,0.0,1.0
890420,0.0,,,,0.0,,,,,,,695.0,79.0,43.0,10.0,16.162790697674417,695.0,0.0,1.0
890422,0.0,,,,0.0,,,,,,,402.0,56.0,31.0,10.0,12.96774193548387,402.0,0.0,1.0
890582,104.0,40.0,1306.0,39.0,1.0,0.009615384615384616,12.557692307692308,0.0010799136069114472,12.0,False,True,58.0,26.0,18.0,8.0,3.2222222222222223,162.0,0.6419753086419753,0.35802469135802467
890618,73.0,31.0,84.0,30.0,1.0,0.0136986301369863,1.1506849315068493,0.0010799136069114472,13.0,False,True,270.0,46.0,26.0,9.0,10.384615384615385,343.0,0.21282798833819241,0.7871720116618076
891152,0.0,,,,0.0,,,,,,,273.0,85.0,55.0,14.0,4.963636363636364,273.0,0.0,1.0
891154,0.0,,,,0.0,,,,,,,528.0,118.0,70.0,15.0,7.542857142857143,528.0,0.0,1.0
891156,0.0,,,,0.0,,,,,,,18.0,11.0,7.0,4.0,2.5714285714285716,18.0,0.0,1.0
891158,0.0,,,,0.0,,,,,,,264.0,96.0,64.0,15.0,4.125,264.0,0.0,1.0
891160,0.0,,,,0.0,,,,,,,370.0,73.0,46.0,13.0,8.043478260869565,370.0,0.0,1.0
891162,0.0,,,,0.0,,,,,,,104.0,35.0,25.0,12.0,4.16,104.0,0.0,1.0
891166,0.0,,,,0.0,,,,,,,231.0,89.0,58.0,15.0,3.9827586206896552,231.0,0.0,1.0
891170,0.0,,,,0.0,,,,,,,193.0,40.0,24.0,7.0,8.041666666666666,193.0,0.0,1.0
891192,0.0,,,,0.0,,,,,,,1.0,1.0,1.0,1.0,1.0,1.0,0.0,1.0
891250,0.0,,,,0.0,,,,,,,2.0,1.0,1.0,1.0,2.0,2.0,0.0,1.0
891252,0.0,,,,0.0,,,,,,,86.0,13.0,7.0,3.0,12.285714285714286,86.0,0.0,1.0
891254,1.0,1.0,26.0,1.0,0.0,0.0,26.0,0.0,1.0,False,False,0.0,,,,,1.0,1.0,0.0
891410,660.0,70.0,8713.0,68.0,2.0,0.0030303030303030303,13.201515151515151,0.0021598272138228943,15.0,False,True,2737.0,191.0,75.0,15.0,36.49333333333333,3397.0,0.19428907859876363,0.8057109214012363
891414,503.0,59.0,5923.0,58.0,1.0,0.0019880715705765406,11.77534791252485,0.0010799136069114472,14.0,False,True,2498.0,190.0,72.0,15.0,34.69444444444444,3001.0,0.1676107964011996,0.8323892035988004
891416,142.0,47.0,2081.0,47.0,0.0,0.0,14.654929577464788,0.0,12.0,False,True,758.0,143.0,61.0,14.0,12.426229508196721,900.0,0.15777777777777777,0.8422222222222222
891646,8.0,7.0,164.0,7.0,0.0,0.0,20.5,0.0,7.0,False,False,0.0,,,,,8.0,1.0,0.0
891744,5.0,4.0,107.0,4.0,0.0,0.0,21.4,0.0,2.0,False,False,6.0,4.0,4.0,2.0,1.5,11.0,0.45454545454545453,0.5454545454545454
891746,0.0,,,,0.0,,,,,,,33.0,5.0,3.0,1.0,11.0,33.0,0.0,1.0
891824,12.0,7.0,195.0,7.0,0.0,0.0,16.25,0.0,4.0,False,False,32.0,12.0,8.0,5.0,4.0,44.0,0.2727272727272727,0.7272727272727273
891900,33.0,17.0,1240.0,17.0,0.0,0.0,37.57575757575758,0.0,10.0,False,True,0.0,,,,,33.0,1.0,0.0
891906,67.0,29.0,1782.0,29.0,0.0,0.0,26.597014925373134,0.0,12.0,False,True,0.0,,,,,67.0,1.0,0.0
891908,39.0,27.0,396.0,27.0,0.0,0.0,10.153846153846153,0.0,15.0,False,True,9.0,5.0,3.0,3.0,3.0,48.0,0.8125,0.1875
891918,5.0,5.0,156.0,5.0,0.0,0.0,31.2,0.0,5.0,False,False,1.0,1.0,1.0,1.0,1.0,6.0,0.8333333333333334,0.16666666666666666
891946,16.0,13.0,316.0,13.0,0.0,0.0,19.75,0.0,9.0,False,False,32.0,14.0,11.0,5.0,2.909090909090909,48.0,0.3333333333333333,0.6666666666666666
891948,1.0,1.0,3.0,1.0,0.0,0.0,3.0,0.0,1.0,False,False,0.0,,,,,1.0,1.0,0.0
891970,0.0,,,,0.0,,,,,,,15.0,2.0,1.0,1.0,15.0,15.0,0.0,1.0
891976,0.0,,,,0.0,,,,,,,2.0,1.0,1.0,1.0,2.0,2.0,0.0,1.0
891988,414.0,63.0,3865.0,63.0,0.0,0.0,9.33574879227053,0.0,14.0,False,True,474.0,105.0,63.0,15.0,7.523809523809524,888.0,0.46621621621621623,0.5337837837837838
892028,0.0,,,,0.0,,,,,,,1337.0,64.0,33.0,13.0,40.515151515151516,1337.0,0.0,1.0
892530,9.0,7.0,302.0,7.0,0.0,0.0,33.55555555555556,0.0,4.0,False,False,9.0,8.0,7.0,5.0,1.2857142857142858,18.0,0.5,0.5
892532,65.0,28.0,1863.0,28.0,0.0,0.0,28.661538461538463,0.0,12.0,False,True,90.0,39.0,26.0,13.0,3.4615384615384617,155.0,0.41935483870967744,0.5806451612903226
892534,28.0,8.0,941.0,8.0,0.0,0.0,33.607142857142854,0.0,4.0,False,False,11.0,6.0,5.0,4.0,2.2,39.0,0.717948717948718,0.28205128205128205
892536,16.0,11.0,582.0,11.0,0.0,0.0,36.375,0.0,5.0,False,False,13.0,10.0,8.0,4.0,1.625,29.0,0.5517241379310345,0.4482758620689655
892538,10.0,6.0,300.0,6.0,0.0,0.0,30.0,0.0,4.0,False,False,116.0,19.0,12.0,5.0,9.666666666666666,126.0,0.07936507936507936,0.9206349206349206
892798,1.0,1.0,43.0,1.0,0.0,0.0,43.0,0.0,1.0,False,False,36.0,3.0,2.0,1.0,18.0,37.0,0.02702702702702703,0.972972972972973
892800,0.0,,,,0.0,,,,,,,8.0,3.0,2.0,2.0,4.0,8.0,0.0,1.0
893172,38.0,23.0,895.0,23.0,0.0,0.0,23.55263157894737,0.0,10.0,False,True,3.0,2.0,1.0,1.0,3.0,41.0,0.926829268292683,0.07317073170731707
893400,2.0,2.0,39.0,1.0,0.0,0.0,19.5,0.0,1.0,False,False,3.0,3.0,1.0,1.0,3.0,5.0,0.4,0.6
893402,338.0,82.0,5555.0,73.0,3.0,0.008875739644970414,16.43491124260355,0.0032397408207343412,14.0,False,True,51.0,35.0,29.0,10.0,1.7586206896551724,389.0,0.8688946015424165,0.13110539845758354
893420,206.0,51.0,4221.0,48.0,1.0,0.0048543689320388345,20.490291262135923,0.0010799136069114472,12.0,False,True,29.0,21.0,16.0,8.0,1.8125,235.0,0.8765957446808511,0.12340425531914893
893674,0.0,,,,0.0,,,,,,,2468.0,83.0,42.0,12.0,58.76190476190476,2468.0,0.0,1.0
893700,0.0,,,,0.0,,,,,,,6.0,3.0,2.0,2.0,3.0,6.0,0.0,1.0
893804,2433.0,107.0,12458.0,93.0,10.0,0.004110152075626798,5.120427455815865,0.01079913606911447,14.0,False,True,3413.0,182.0,84.0,14.0,40.63095238095238,5846.0,0.4161820047895997,0.5838179952104002
894120,18.0,9.0,428.0,9.0,1.0,0.05555555555555555,23.77777777777778,0.0010799136069114472,4.0,False,False,0.0,,,,,18.0,1.0,0.0
894224,11.0,9.0,115.0,6.0,1.0,0.09090909090909091,10.454545454545455,0.0010799136069114472,4.0,False,False,33.0,8.0,8.0,5.0,4.125,44.0,0.25,0.75
894226,0.0,,,,0.0,,,,,,,24.0,11.0,6.0,6.0,4.0,24.0,0.0,1.0
894230,6.0,3.0,95.0,3.0,1.0,0.16666666666666666,15.833333333333334,0.0010799136069114472,3.0,True,False,15.0,9.0,6.0,4.0,2.5,21.0,0.2857142857142857,0.7142857142857143
894232,4.0,3.0,43.0,3.0,1.0,0.25,10.75,0.0010799136069114472,3.0,True,False,16.0,10.0,8.0,5.0,2.0,20.0,0.2,0.8
894614,8.0,6.0,115.0,5.0,1.0,0.125,14.375,0.0010799136069114472,3.0,True,False,0.0,,,,,8.0,1.0,0.0
894656,20.0,15.0,483.0,15.0,0.0,0.0,24.15,0.0,11.0,False,False,3167.0,138.0,69.0,15.0,45.89855072463768,3187.0,0.006275494195167869,0.9937245058048322
894662,1.0,1.0,9.0,1.0,0.0,0.0,9.0,0.0,1.0,False,False,37.0,17.0,11.0,7.0,3.3636363636363638,38.0,0.02631578947368421,0.9736842105263158
894934,0.0,,,,0.0,,,,,,,19.0,3.0,2.0,1.0,9.5,19.0,0.0,1.0
895140,4.0,2.0,152.0,2.0,0.0,0.0,38.0,0.0,2.0,False,False,0.0,,,,,4.0,1.0,0.0
895170,11.0,10.0,161.0,10.0,0.0,0.0,14.636363636363637,0.0,4.0,False,False,0.0,,,,,11.0,1.0,0.0
895172,8.0,6.0,92.0,6.0,0.0,0.0,11.5,0.0,4.0,False,False,82.0,33.0,20.0,6.0,4.1,90.0,0.08888888888888889,0.9111111111111111
895266,2.0,2.0,20.0,2.0,0.0,0.0,10.0,0.0,2.0,False,False,1.0,1.0,1.0,1.0,1.0,3.0,0.6666666666666666,0.3333333333333333
895370,0.0,,,,0.0,,,,,,,10.0,2.0,1.0,1.0,10.0,10.0,0.0,1.0
895574,96.0,47.0,1456.0,46.0,3.0,0.03125,15.166666666666666,0.0032397408207343412,14.0,False,True,0.0,,,,,96.0,1.0,0.0
895576,70.0,40.0,1207.0,39.0,1.0,0.014285714285714285,17.242857142857144,0.0010799136069114472,14.0,False,True,0.0,,,,,70.0,1.0,0.0
895578,57.0,37.0,844.0,37.0,0.0,0.0,14.807017543859649,0.0,14.0,False,True,0.0,,,,,57.0,1.0,0.0
895598,3.0,2.0,18.0,2.0,0.0,0.0,6.0,0.0,2.0,False,False,2.0,2.0,2.0,2.0,1.0,5.0,0.6,0.4
895774,13.0,6.0,142.0,6.0,0.0,0.0,10.923076923076923,0.0,3.0,False,False,105.0,33.0,21.0,7.0,5.0,118.0,0.11016949152542373,0.8898305084745762
895776,12.0,10.0,175.0,10.0,1.0,0.08333333333333333,14.583333333333334,0.0010799136069114472,7.0,False,False,239.0,43.0,24.0,7.0,9.958333333333334,251.0,0.04780876494023904,0.952191235059761
895782,13.0,8.0,249.0,8.0,0.0,0.0,19.153846153846153,0.0,3.0,False,False,0.0,,,,,13.0,1.0,0.0
895786,36.0,14.0,833.0,14.0,0.0,0.0,23.13888888888889,0.0,5.0,False,True,0.0,,,,,36.0,1.0,0.0
896008,0.0,,,,0.0,,,,,,,193.0,75.0,61.0,14.0,3.1639344262295084,193.0,0.0,1.0
896010,10.0,7.0,186.0,7.0,0.0,0.0,18.6,0.0,5.0,False,False,4.0,3.0,2.0,2.0,2.0,14.0,0.7142857142857143,0.2857142857142857
896012,244.0,62.0,1471.0,61.0,1.0,0.004098360655737705,6.028688524590164,0.0010799136069114472,14.0,False,True,0.0,,,,,244.0,1.0,0.0
896014,14.0,12.0,189.0,12.0,0.0,0.0,13.5,0.0,7.0,False,False,8.0,6.0,6.0,5.0,1.3333333333333333,22.0,0.6363636363636364,0.36363636363636365
896016,71.0,29.0,551.0,29.0,0.0,0.0,7.76056338028169,0.0,11.0,False,True,254.0,110.0,53.0,12.0,4.7924528301886795,325.0,0.21846153846153846,0.7815384615384615
896018,8.0,8.0,217.0,8.0,0.0,0.0,27.125,0.0,7.0,False,False,9.0,7.0,6.0,4.0,1.5,17.0,0.47058823529411764,0.5294117647058824
896020,16.0,3.0,15.0,3.0,0.0,0.0,0.9375,0.0,2.0,False,False,0.0,,,,,16.0,1.0,0.0
896382,36.0,11.0,430.0,11.0,0.0,0.0,11.944444444444445,0.0,3.0,False,True,392.0,20.0,10.0,3.0,39.2,428.0,0.08411214953271028,0.9158878504672897
896384,0.0,,,,0.0,,,,,,,28.0,3.0,2.0,1.0,14.0,28.0,0.0,1.0
896386,0.0,,,,0.0,,,,,,,76.0,2.0,1.0,1.0,76.0,76.0,0.0,1.0
896390,0.0,,,,0.0,,,,,,,97.0,10.0,6.0,2.0,16.166666666666668,97.0,0.0,1.0
896428,23.0,8.0,189.0,8.0,0.0,0.0,8.217391304347826,0.0,4.0,False,False,185.0,31.0,17.0,4.0,10.882352941176471,208.0,0.11057692307692307,0.8894230769230769
896430,1.0,1.0,13.0,1.0,0.0,0.0,13.0,0.0,1.0,False,False,14.0,4.0,2.0,1.0,7.0,15.0,0.06666666666666667,0.9333333333333333
896536,182.0,67.0,3783.0,62.0,2.0,0.01098901098901099,20.785714285714285,0.0021598272138228943,14.0,False,True,0.0,,,,,182.0,1.0,0.0
896538,14.0,11.0,665.0,11.0,1.0,0.07142857142857142,47.5,0.0010799136069114472,7.0,False,False,0.0,,,,,14.0,1.0,0.0
896708,66.0,11.0,792.0,11.0,0.0,0.0,12.0,0.0,3.0,False,True,152.0,23.0,12.0,3.0,12.666666666666666,218.0,0.30275229357798167,0.6972477064220184
897030,6.0,5.0,76.0,5.0,0.0,0.0,12.666666666666666,0.0,3.0,False,False,75.0,16.0,11.0,4.0,6.818181818181818,81.0,0.07407407407407407,0.9259259259259259
897872,3.0,3.0,65.0,2.0,1.0,0.3333333333333333,21.666666666666668,0.0010799136069114472,2.0,True,False,49.0,26.0,19.0,11.0,2.5789473684210527,52.0,0.057692307692307696,0.9423076923076923
897894,0.0,,,,0.0,,,,,,,19.0,5.0,5.0,3.0,3.8,19.0,0.0,1.0
898414,24.0,3.0,258.0,2.0,1.0,0.041666666666666664,10.75,0.0010799136069114472,1.0,False,False,59.0,4.0,2.0,1.0,29.5,83.0,0.2891566265060241,0.7108433734939759
898422,64.0,10.0,467.0,9.0,1.0,0.015625,7.296875,0.0010799136069114472,3.0,False,True,23.0,12.0,10.0,4.0,2.3,87.0,0.735632183908046,0.26436781609195403
898434,0.0,,,,0.0,,,,,,,10.0,6.0,3.0,1.0,3.3333333333333335,10.0,0.0,1.0
898558,22.0,12.0,622.0,12.0,0.0,0.0,28.272727272727273,0.0,5.0,False,False,0.0,,,,,22.0,1.0,0.0
898560,19.0,8.0,624.0,8.0,0.0,0.0,32.8421052631579,0.0,4.0,False,False,0.0,,,,,19.0,1.0,0.0
898676,2.0,2.0,16.0,2.0,0.0,0.0,8.0,0.0,1.0,False,False,0.0,,,,,2.0,1.0,0.0
898892,12.0,10.0,199.0,10.0,0.0,0.0,16.583333333333332,0.0,7.0,False,False,82.0,36.0,24.0,9.0,3.4166666666666665,94.0,0.1276595744680851,0.8723404255319149
898902,0.0,,,,0.0,,,,,,,22.0,7.0,5.0,2.0,4.4,22.0,0.0,1.0
898906,19.0,4.0,228.0,4.0,0.0,0.0,12.0,0.0,2.0,False,False,127.0,9.0,4.0,2.0,31.75,146.0,0.13013698630136986,0.8698630136986302
898920,13.0,2.0,194.0,2.0,0.0,0.0,14.923076923076923,0.0,1.0,False,False,37.0,3.0,2.0,1.0,18.5,50.0,0.26,0.74
899076,0.0,,,,0.0,,,,,,,2.0,2.0,1.0,1.0,2.0,2.0,0.0,1.0
899082,655.0,69.0,13463.0,68.0,1.0,0.0015267175572519084,20.554198473282444,0.0010799136069114472,12.0,False,True,1511.0,136.0,71.0,13.0,21.281690140845072,2166.0,0.30240073868882733,0.6975992613111727
899250,286.0,84.0,4577.0,79.0,5.0,0.017482517482517484,16.003496503496503,0.005399568034557235,14.0,False,True,1374.0,132.0,72.0,13.0,19.083333333333332,1660.0,0.172289156626506,0.827710843373494
899268,31.0,24.0,644.0,24.0,2.0,0.06451612903225806,20.774193548387096,0.0021598272138228943,13.0,False,True,0.0,,,,,31.0,1.0,0.0
899788,0.0,,,,0.0,,,,,,,603.0,39.0,18.0,5.0,33.5,603.0,0.0,1.0
899790,0.0,,,,0.0,,,,,,,716.0,33.0,18.0,5.0,39.77777777777778,716.0,0.0,1.0
899892,3.0,3.0,95.0,3.0,0.0,0.0,31.666666666666668,0.0,3.0,False,False,0.0,,,,,3.0,1.0,0.0
899898,2.0,2.0,50.0,2.0,0.0,0.0,25.0,0.0,2.0,False,False,0.0,,,,,2.0,1.0,0.0
899900,2.0,2.0,116.0,2.0,0.0,0.0,58.0,0.0,2.0,False,False,0.0,,,,,2.0,1.0,0.0
899906,1.0,1.0,19.0,1.0,0.0,0.0,19.0,0.0,1.0,False,False,0.0,,,,,1.0,1.0,0.0
899912,1.0,1.0,19.0,1.0,0.0,0.0,19.0,0.0,1.0,False,False,0.0,,,,,1.0,1.0,0.0
899932,0.0,,,,0.0,,,,,,,711.0,43.0,19.0,5.0,37.421052631578945,711.0,0.0,1.0
899964,0.0,,,,0.0,,,,,,,418.0,29.0,15.0,4.0,27.866666666666667,418.0,0.0,1.0
899968,0.0,,,,0.0,,,,,,,364.0,30.0,15.0,4.0,24.266666666666666,364.0,0.0,1.0
899972,0.0,,,,0.0,,,,,,,191.0,32.0,16.0,4.0,11.9375,191.0,0.0,1.0
900180,9.0,2.0,72.0,2.0,0.0,0.0,8.0,0.0,2.0,False,False,1682.0,102.0,44.0,11.0,38.22727272727273,1691.0,0.005322294500295683,0.9946777054997044
900192,1.0,1.0,5.0,1.0,0.0,0.0,5.0,0.0,1.0,False,False,1.0,1.0,1.0,1.0,1.0,2.0,0.5,0.5
900194,55.0,36.0,1179.0,36.0,2.0,0.03636363636363636,21.436363636363637,0.0021598272138228943,14.0,False,True,43.0,26.0,21.0,9.0,2.0476190476190474,98.0,0.5612244897959183,0.4387755102040816
900352,183.0,57.0,3147.0,56.0,3.0,0.01639344262295082,17.19672131147541,0.0032397408207343412,14.0,False,True,307.0,79.0,51.0,14.0,6.019607843137255,490.0,0.373469387755102,0.6265306122448979
900354,142.0,47.0,2420.0,44.0,4.0,0.028169014084507043,17.04225352112676,0.004319654427645789,12.0,False,True,477.0,102.0,58.0,14.0,8.224137931034482,619.0,0.2294022617124394,0.7705977382875606
900458,1.0,1.0,9.0,1.0,0.0,0.0,9.0,0.0,1.0,False,False,28.0,10.0,7.0,3.0,4.0,29.0,0.034482758620689655,0.9655172413793104
900492,17.0,15.0,255.0,15.0,1.0,0.058823529411764705,15.0,0.0010799136069114472,9.0,False,False,234.0,88.0,54.0,14.0,4.333333333333333,251.0,0.06772908366533864,0.9322709163346613
900592,265.0,40.0,1794.0,40.0,0.0,0.0,6.769811320754717,0.0,12.0,False,True,109.0,41.0,27.0,8.0,4.037037037037037,374.0,0.7085561497326203,0.2914438502673797
900594,34.0,20.0,365.0,20.0,0.0,0.0,10.735294117647058,0.0,9.0,False,True,201.0,63.0,46.0,14.0,4.369565217391305,235.0,0.14468085106382977,0.8553191489361702
900614,22.0,12.0,215.0,12.0,0.0,0.0,9.772727272727273,0.0,6.0,False,False,34.0,23.0,21.0,9.0,1.619047619047619,56.0,0.39285714285714285,0.6071428571428571
900742,22.0,9.0,283.0,9.0,0.0,0.0,12.863636363636363,0.0,7.0,False,False,16.0,8.0,6.0,4.0,2.6666666666666665,38.0,0.5789473684210527,0.42105263157894735
900746,26.0,11.0,611.0,10.0,2.0,0.07692307692307693,23.5,0.0021598272138228943,5.0,False,False,49.0,19.0,12.0,3.0,4.083333333333333,75.0,0.3466666666666667,0.6533333333333333
900788,124.0,42.0,801.0,42.0,1.0,0.008064516129032258,6.459677419354839,0.0010799136069114472,12.0,False,True,92.0,38.0,26.0,9.0,3.5384615384615383,216.0,0.5740740740740741,0.42592592592592593
900790,44.0,8.0,371.0,8.0,0.0,0.0,8.431818181818182,0.0,3.0,False,True,55.0,17.0,11.0,4.0,5.0,99.0,0.4444444444444444,0.5555555555555556
900792,1.0,1.0,34.0,1.0,0.0,0.0,34.0,0.0,1.0,False,False,7.0,4.0,3.0,1.0,2.3333333333333335,8.0,0.125,0.875
900826,86.0,46.0,906.0,46.0,0.0,0.0,10.534883720930232,0.0,13.0,False,True,510.0,119.0,74.0,14.0,6.891891891891892,596.0,0.14429530201342283,0.8557046979865772
900892,329.0,87.0,2233.0,74.0,3.0,0.00911854103343465,6.787234042553192,0.0032397408207343412,14.0,False,True,933.0,159.0,76.0,14.0,12.276315789473685,1262.0,0.2606973058637084,0.7393026941362916
900894,110.0,44.0,1317.0,40.0,1.0,0.00909090909090909,11.972727272727273,0.0010799136069114472,13.0,False,True,218.0,90.0,61.0,14.0,3.5737704918032787,328.0,0.3353658536585366,0.6646341463414634
901034,13.0,10.0,159.0,10.0,0.0,0.0,12.23076923076923,0.0,5.0,False,False,12.0,7.0,7.0,6.0,1.7142857142857142,25.0,0.52,0.48
901038,5.0,4.0,114.0,4.0,0.0,0.0,22.8,0.0,4.0,False,False,33.0,22.0,16.0,8.0,2.0625,38.0,0.13157894736842105,0.868421052631579
901178,288.0,30.0,2563.0,26.0,0.0,0.0,8.899305555555555,0.0,6.0,False,True,25.0,15.0,12.0,5.0,2.0833333333333335,313.0,0.9201277955271565,0.07987220447284345
901350,92.0,32.0,2343.0,32.0,0.0,0.0,25.467391304347824,0.0,11.0,False,True,0.0,,,,,92.0,1.0,0.0
901492,30.0,24.0,725.0,24.0,0.0,0.0,24.166666666666668,0.0,13.0,False,True,3.0,3.0,3.0,3.0,1.0,33.0,0.9090909090909091,0.09090909090909091
901498,5.0,4.0,265.0,4.0,0.0,0.0,53.0,0.0,4.0,False,False,0.0,,,,,5.0,1.0,0.0
901584,104.0,42.0,609.0,42.0,0.0,0.0,5.855769230769231,0.0,13.0,False,True,172.0,78.0,54.0,13.0,3.185185185185185,276.0,0.37681159420289856,0.6231884057971014
901586,41.0,27.0,314.0,27.0,0.0,0.0,7.658536585365853,0.0,13.0,False,True,94.0,32.0,24.0,8.0,3.9166666666666665,135.0,0.3037037037037037,0.6962962962962963
901588,27.0,19.0,166.0,19.0,0.0,0.0,6.148148148148148,0.0,9.0,False,False,55.0,26.0,19.0,8.0,2.8947368421052633,82.0,0.32926829268292684,0.6707317073170732
901734,28.0,13.0,393.0,13.0,0.0,0.0,14.035714285714286,0.0,7.0,False,False,0.0,,,,,28.0,1.0,0.0
901880,1825.0,108.0,9568.0,87.0,11.0,0.006027397260273973,5.242739726027398,0.011879049676025918,13.0,False,True,2362.0,194.0,87.0,13.0,27.149425287356323,4187.0,0.43587294005254357,0.5641270599474564
901884,566.0,95.0,7676.0,85.0,1.0,0.0017667844522968198,13.56183745583039,0.0010799136069114472,13.0,False,True,2024.0,228.0,87.0,13.0,23.264367816091955,2590.0,0.21853281853281853,0.7814671814671814
901886,143.0,50.0,2711.0,47.0,0.0,0.0,18.958041958041957,0.0,11.0,False,True,1416.0,105.0,51.0,11.0,27.764705882352942,1559.0,0.09172546504169339,0.9082745349583066
901894,30.0,9.0,742.0,9.0,0.0,0.0,24.733333333333334,0.0,2.0,False,True,0.0,,,,,30.0,1.0,0.0
901992,11.0,7.0,91.0,7.0,0.0,0.0,8.272727272727273,0.0,4.0,False,False,671.0,33.0,18.0,6.0,37.27777777777778,682.0,0.016129032258064516,0.9838709677419355
901996,3.0,1.0,43.0,1.0,0.0,0.0,14.333333333333334,0.0,1.0,False,False,26.0,4.0,2.0,2.0,13.0,29.0,0.10344827586206896,0.896551724137931
902238,1.0,1.0,8.0,1.0,0.0,0.0,8.0,0.0,1.0,False,False,1.0,1.0,1.0,1.0,1.0,2.0,0.5,0.5
902510,122.0,26.0,4107.0,24.0,2.0,0.01639344262295082,33.66393442622951,0.0021598272138228943,10.0,False,True,1842.0,95.0,51.0,12.0,36.11764705882353,1964.0,0.062118126272912425,0.9378818737270875
902532,239.0,34.0,4070.0,33.0,1.0,0.0041841004184100415,17.02928870292887,0.0010799136069114472,11.0,False,True,867.0,76.0,38.0,10.0,22.81578947368421,1106.0,0.21609403254972875,0.7839059674502713
902608,13.0,5.0,137.0,4.0,0.0,0.0,10.538461538461538,0.0,2.0,False,False,219.0,17.0,9.0,2.0,24.333333333333332,232.0,0.05603448275862069,0.9439655172413793
902720,99.0,33.0,1563.0,32.0,0.0,0.0,15.787878787878787,0.0,8.0,False,True,2320.0,93.0,45.0,11.0,51.55555555555556,2419.0,0.040926002480363786,0.9590739975196362
902742,0.0,,,,0.0,,,,,,,1173.0,65.0,30.0,6.0,39.1,1173.0,0.0,1.0
902744,0.0,,,,0.0,,,,,,,3149.0,81.0,32.0,6.0,98.40625,3149.0,0.0,1.0
902746,0.0,,,,0.0,,,,,,,2452.0,74.0,31.0,6.0,79.09677419354838,2452.0,0.0,1.0
902748,0.0,,,,0.0,,,,,,,2542.0,58.0,25.0,5.0,101.68,2542.0,0.0,1.0
902774,0.0,,,,0.0,,,,,,,1109.0,56.0,24.0,4.0,46.208333333333336,1109.0,0.0,1.0
902776,0.0,,,,0.0,,,,,,,1581.0,42.0,16.0,3.0,98.8125,1581.0,0.0,1.0
902778,0.0,,,,0.0,,,,,,,1300.0,48.0,23.0,5.0,56.52173913043478,1300.0,0.0,1.0
902782,0.0,,,,0.0,,,,,,,1302.0,61.0,26.0,5.0,50.07692307692308,1302.0,0.0,1.0
902906,48.0,39.0,828.0,39.0,0.0,0.0,17.25,0.0,13.0,False,True,0.0,,,,,48.0,1.0,0.0
902910,28.0,20.0,736.0,20.0,1.0,0.03571428571428571,26.285714285714285,0.0010799136069114472,8.0,False,False,0.0,,,,,28.0,1.0,0.0
903254,243.0,69.0,4134.0,69.0,0.0,0.0,17.012345679012345,0.0,13.0,False,True,1465.0,152.0,82.0,13.0,17.865853658536587,1708.0,0.14227166276346603,0.857728337236534
903292,42.0,8.0,589.0,8.0,0.0,0.0,14.023809523809524,0.0,3.0,False,True,301.0,12.0,8.0,3.0,37.625,343.0,0.12244897959183673,0.8775510204081632
903312,127.0,52.0,2229.0,49.0,2.0,0.015748031496062992,17.551181102362204,0.0021598272138228943,12.0,False,True,53.0,26.0,15.0,6.0,3.533333333333333,180.0,0.7055555555555556,0.29444444444444445
903318,281.0,57.0,2573.0,54.0,3.0,0.010676156583629894,9.15658362989324,0.0032397408207343412,11.0,False,True,1178.0,136.0,61.0,12.0,19.311475409836067,1459.0,0.1925976696367375,0.8074023303632625
903390,9.0,7.0,142.0,7.0,0.0,0.0,15.777777777777779,0.0,5.0,False,False,0.0,,,,,9.0,1.0,0.0
903512,28.0,17.0,1190.0,16.0,0.0,0.0,42.5,0.0,6.0,False,False,0.0,,,,,28.0,1.0,0.0
903974,10.0,2.0,167.0,2.0,0.0,0.0,16.7,0.0,1.0,False,False,0.0,,,,,10.0,1.0,0.0
903976,5.0,2.0,42.0,2.0,0.0,0.0,8.4,0.0,1.0,False,False,0.0,,,,,5.0,1.0,0.0
903978,4.0,1.0,38.0,1.0,0.0,0.0,9.5,0.0,1.0,False,False,6.0,3.0,2.0,2.0,3.0,10.0,0.4,0.6
904014,41.0,13.0,506.0,13.0,0.0,0.0,12.341463414634147,0.0,6.0,False,True,1249.0,55.0,28.0,11.0,44.607142857142854,1290.0,0.03178294573643411,0.9682170542635659
904016,50.0,26.0,926.0,24.0,2.0,0.04,18.52,0.0021598272138228943,10.0,False,True,4681.0,94.0,46.0,10.0,101.76086956521739,4731.0,0.01056859015007398,0.9894314098499261
904038,462.0,78.0,4107.0,76.0,2.0,0.004329004329004329,8.88961038961039,0.0021598272138228943,12.0,False,True,215.0,89.0,60.0,13.0,3.5833333333333335,677.0,0.6824224519940916,0.3175775480059084
904044,108.0,42.0,1968.0,41.0,1.0,0.009259259259259259,18.22222222222222,0.0010799136069114472,8.0,False,True,23.0,18.0,16.0,6.0,1.4375,131.0,0.8244274809160306,0.17557251908396945
904058,19.0,17.0,311.0,17.0,0.0,0.0,16.36842105263158,0.0,10.0,False,False,0.0,,,,,19.0,1.0,0.0
904200,7.0,6.0,146.0,6.0,0.0,0.0,20.857142857142858,0.0,3.0,False,False,10.0,5.0,4.0,2.0,2.5,17.0,0.4117647058823529,0.5882352941176471
904202,7.0,6.0,81.0,5.0,0.0,0.0,11.571428571428571,0.0,3.0,False,False,233.0,19.0,9.0,4.0,25.88888888888889,240.0,0.029166666666666667,0.9708333333333333
904204,5.0,4.0,161.0,4.0,0.0,0.0,32.2,0.0,3.0,False,False,54.0,20.0,16.0,6.0,3.375,59.0,0.0847457627118644,0.9152542372881356
904284,47.0,29.0,728.0,29.0,0.0,0.0,15.48936170212766,0.0,13.0,False,True,0.0,,,,,47.0,1.0,0.0
904344,4.0,2.0,55.0,1.0,3.0,0.75,13.75,0.0032397408207343412,1.0,True,False,5.0,1.0,1.0,1.0,5.0,9.0,0.4444444444444444,0.5555555555555556
904372,3.0,2.0,68.0,2.0,0.0,0.0,22.666666666666668,0.0,1.0,False,False,0.0,,,,,3.0,1.0,0.0
905082,2.0,1.0,34.0,1.0,0.0,0.0,17.0,0.0,1.0,False,False,0.0,,,,,2.0,1.0,0.0
905104,296.0,63.0,5111.0,57.0,8.0,0.02702702702702703,17.26689189189189,0.008639308855291577,13.0,False,True,187.0,79.0,47.0,12.0,3.978723404255319,483.0,0.6128364389233955,0.38716356107660455
905300,25.0,16.0,552.0,15.0,6.0,0.24,22.08,0.0064794816414686825,8.0,True,False,0.0,,,,,25.0,1.0,0.0
905308,0.0,,,,0.0,,,,,,,3.0,1.0,1.0,1.0,3.0,3.0,0.0,1.0
905430,96.0,16.0,666.0,15.0,1.0,0.010416666666666666,6.9375,0.0010799136069114472,3.0,False,True,751.0,34.0,17.0,3.0,44.1764705882353,847.0,0.11334120425029516,0.8866587957497049
905432,12.0,6.0,64.0,5.0,0.0,0.0,5.333333333333333,0.0,2.0,False,False,726.0,24.0,12.0,5.0,60.5,738.0,0.016260162601626018,0.983739837398374
905470,0.0,,,,0.0,,,,,,,3.0,1.0,1.0,1.0,3.0,3.0,0.0,1.0
905472,1.0,1.0,21.0,1.0,0.0,0.0,21.0,0.0,1.0,False,False,9.0,3.0,2.0,1.0,4.5,10.0,0.1,0.9
905478,1.0,1.0,36.0,1.0,0.0,0.0,36.0,0.0,1.0,False,False,0.0,,,,,1.0,1.0,0.0
905480,0.0,,,,0.0,,,,,,,1.0,1.0,1.0,1.0,1.0,1.0,0.0,1.0
905538,244.0,54.0,4294.0,52.0,2.0,0.00819672131147541,17.598360655737704,0.0021598272138228943,13.0,False,True,3169.0,191.0,57.0,13.0,55.59649122807018,3413.0,0.0714913565777908,0.9285086434222092
905542,117.0,50.0,2155.0,47.0,3.0,0.02564102564102564,18.418803418803417,0.0032397408207343412,12.0,False,True,1985.0,161.0,57.0,13.0,34.824561403508774,2102.0,0.05566127497621313,0.9443387250237869
905564,57.0,31.0,1409.0,29.0,1.0,0.017543859649122806,24.719298245614034,0.0010799136069114472,11.0,False,True,694.0,169.0,50.0,12.0,13.88,751.0,0.0758988015978695,0.9241011984021305
905566,44.0,23.0,715.0,23.0,1.0,0.022727272727272728,16.25,0.0010799136069114472,10.0,False,True,861.0,170.0,59.0,13.0,14.59322033898305,905.0,0.04861878453038674,0.9513812154696133
905570,0.0,,,,0.0,,,,,,,96.0,42.0,34.0,12.0,2.823529411764706,96.0,0.0,1.0
905574,4.0,3.0,42.0,3.0,0.0,0.0,10.5,0.0,3.0,False,False,428.0,107.0,46.0,13.0,9.304347826086957,432.0,0.009259259259259259,0.9907407407407407
905840,0.0,,,,0.0,,,,,,,7.0,6.0,6.0,4.0,1.1666666666666667,7.0,0.0,1.0
905842,2.0,2.0,231.0,2.0,0.0,0.0,115.5,0.0,2.0,False,False,1031.0,117.0,60.0,11.0,17.183333333333334,1033.0,0.001936108422071636,0.9980638915779284
905844,13.0,12.0,163.0,12.0,0.0,0.0,12.538461538461538,0.0,7.0,False,False,1032.0,110.0,57.0,11.0,18.105263157894736,1045.0,0.012440191387559809,0.9875598086124402
905862,102.0,37.0,1165.0,34.0,15.0,0.14705882352941177,11.42156862745098,0.016198704103671708,11.0,True,True,1.0,1.0,1.0,1.0,1.0,103.0,0.9902912621359223,0.009708737864077669
905870,143.0,31.0,1691.0,31.0,0.0,0.0,11.825174825174825,0.0,6.0,False,True,559.0,43.0,24.0,6.0,23.291666666666668,702.0,0.2037037037037037,0.7962962962962963
905930,70.0,33.0,440.0,33.0,0.0,0.0,6.285714285714286,0.0,11.0,False,True,337.0,82.0,46.0,12.0,7.326086956521739,407.0,0.171990171990172,0.828009828009828
905932,36.0,25.0,288.0,25.0,0.0,0.0,8.0,0.0,10.0,False,True,334.0,88.0,47.0,12.0,7.1063829787234045,370.0,0.0972972972972973,0.9027027027027027
905934,1.0,1.0,9.0,1.0,0.0,0.0,9.0,0.0,1.0,False,False,20.0,14.0,12.0,10.0,1.6666666666666667,21.0,0.047619047619047616,0.9523809523809523
906070,324.0,15.0,13347.0,13.0,2.0,0.006172839506172839,41.19444444444444,0.0021598272138228943,5.0,False,True,71.0,22.0,15.0,6.0,4.733333333333333,395.0,0.8202531645569621,0.17974683544303796
906076,24.0,2.0,1223.0,2.0,0.0,0.0,50.958333333333336,0.0,1.0,False,False,1.0,1.0,1.0,1.0,1.0,25.0,0.96,0.04
906294,308.0,50.0,1455.0,48.0,1.0,0.003246753246753247,4.724025974025974,0.0010799136069114472,11.0,False,True,290.0,120.0,48.0,11.0,6.041666666666667,598.0,0.5150501672240803,0.48494983277591974
906296,4.0,2.0,65.0,2.0,0.0,0.0,16.25,0.0,1.0,False,False,197.0,84.0,50.0,12.0,3.94,201.0,0.01990049751243781,0.9800995024875622
906392,18.0,7.0,249.0,5.0,7.0,0.3888888888888889,13.833333333333334,0.00755939524838013,2.0,True,False,53.0,23.0,20.0,11.0,2.65,71.0,0.2535211267605634,0.7464788732394366
906394,30.0,19.0,858.0,19.0,0.0,0.0,28.6,0.0,7.0,False,True,520.0,104.0,36.0,8.0,14.444444444444445,550.0,0.05454545454545454,0.9454545454545454
906396,124.0,34.0,3777.0,30.0,3.0,0.024193548387096774,30.45967741935484,0.0032397408207343412,9.0,False,True,415.0,92.0,37.0,10.0,11.216216216216216,539.0,0.2300556586270872,0.7699443413729128
906398,64.0,28.0,1587.0,28.0,0.0,0.0,24.796875,0.0,9.0,False,True,40.0,28.0,21.0,9.0,1.9047619047619047,104.0,0.6153846153846154,0.38461538461538464
906400,130.0,40.0,3752.0,36.0,3.0,0.023076923076923078,28.861538461538462,0.0032397408207343412,8.0,False,True,426.0,112.0,39.0,9.0,10.923076923076923,556.0,0.23381294964028776,0.7661870503597122
906402,7.0,6.0,324.0,6.0,0.0,0.0,46.285714285714285,0.0,5.0,False,False,17.0,11.0,8.0,6.0,2.125,24.0,0.2916666666666667,0.7083333333333334
906404,501.0,43.0,13559.0,37.0,6.0,0.011976047904191617,27.063872255489024,0.0064794816414686825,9.0,False,True,613.0,111.0,36.0,9.0,17.02777777777778,1114.0,0.4497307001795332,0.5502692998204668
906406,715.0,46.0,19143.0,42.0,3.0,0.004195804195804196,26.773426573426573,0.0032397408207343412,9.0,False,True,1136.0,157.0,42.0,9.0,27.047619047619047,1851.0,0.38627768773635873,0.6137223122636413
906408,241.0,28.0,6912.0,24.0,4.0,0.016597510373443983,28.680497925311204,0.004319654427645789,6.0,False,True,87.0,33.0,19.0,5.0,4.578947368421052,328.0,0.7347560975609756,0.2652439024390244
906410,232.0,34.0,6035.0,29.0,7.0,0.03017241379310345,26.012931034482758,0.00755939524838013,7.0,False,True,19.0,13.0,10.0,5.0,1.9,251.0,0.9243027888446215,0.07569721115537849
906412,26.0,15.0,400.0,13.0,7.0,0.2692307692307692,15.384615384615385,0.00755939524838013,6.0,True,False,315.0,75.0,29.0,8.0,10.862068965517242,341.0,0.07624633431085044,0.9237536656891495
906416,5.0,5.0,83.0,5.0,0.0,0.0,16.6,0.0,2.0,False,False,77.0,31.0,18.0,4.0,4.277777777777778,82.0,0.06097560975609756,0.9390243902439024
906418,4.0,3.0,60.0,3.0,0.0,0.0,15.0,0.0,1.0,False,False,4.0,3.0,2.0,1.0,2.0,8.0,0.5,0.5
906420,5.0,5.0,55.0,5.0,0.0,0.0,11.0,0.0,3.0,False,False,29.0,10.0,6.0,4.0,4.833333333333333,34.0,0.14705882352941177,0.8529411764705882
906680,195.0,57.0,7227.0,52.0,2.0,0.010256410256410256,37.06153846153846,0.0021598272138228943,10.0,False,True,160.0,65.0,38.0,12.0,4.2105263157894735,355.0,0.5492957746478874,0.4507042253521127
906866,0.0,,,,0.0,,,,,,,655.0,29.0,15.0,4.0,43.666666666666664,655.0,0.0,1.0
907174,9.0,8.0,557.0,8.0,0.0,0.0,61.888888888888886,0.0,7.0,False,False,2524.0,107.0,51.0,12.0,49.490196078431374,2533.0,0.0035530990919857876,0.9964469009080142
907178,3.0,2.0,72.0,2.0,0.0,0.0,24.0,0.0,1.0,False,False,174.0,62.0,35.0,12.0,4.9714285714285715,177.0,0.01694915254237288,0.9830508474576272
907180,0.0,,,,0.0,,,,,,,74.0,30.0,20.0,10.0,3.7,74.0,0.0,1.0
907182,65.0,34.0,714.0,33.0,0.0,0.0,10.984615384615385,0.0,12.0,False,True,230.0,75.0,48.0,12.0,4.791666666666667,295.0,0.22033898305084745,0.7796610169491526
907224,48.0,22.0,1150.0,22.0,0.0,0.0,23.958333333333332,0.0,10.0,False,True,299.0,124.0,55.0,12.0,5.4363636363636365,347.0,0.138328530259366,0.861671469740634
907440,6.0,6.0,143.0,6.0,0.0,0.0,23.833333333333332,0.0,5.0,False,False,167.0,77.0,46.0,12.0,3.630434782608696,173.0,0.03468208092485549,0.9653179190751445
907442,0.0,,,,0.0,,,,,,,89.0,47.0,32.0,12.0,2.78125,89.0,0.0,1.0
907502,242.0,60.0,4855.0,58.0,2.0,0.008264462809917356,20.06198347107438,0.0021598272138228943,9.0,False,True,0.0,,,,,242.0,1.0,0.0
907504,5.0,4.0,109.0,4.0,0.0,0.0,21.8,0.0,2.0,False,False,25.0,9.0,7.0,6.0,3.5714285714285716,30.0,0.16666666666666666,0.8333333333333334
907618,1.0,1.0,35.0,1.0,0.0,0.0,35.0,0.0,1.0,False,False,0.0,,,,,1.0,1.0,0.0
907952,51.0,36.0,1047.0,34.0,2.0,0.0392156862745098,20.529411764705884,0.0021598272138228943,11.0,False,True,179.0,73.0,56.0,12.0,3.1964285714285716,230.0,0.2217391304347826,0.7782608695652173
907964,17.0,12.0,274.0,12.0,0.0,0.0,16.11764705882353,0.0,7.0,False,False,60.0,28.0,19.0,7.0,3.1578947368421053,77.0,0.22077922077922077,0.7792207792207793
907970,16.0,14.0,283.0,14.0,0.0,0.0,17.6875,0.0,8.0,False,False,166.0,71.0,48.0,12.0,3.4583333333333335,182.0,0.08791208791208792,0.9120879120879121
907972,5.0,4.0,57.0,4.0,0.0,0.0,11.4,0.0,2.0,False,False,8.0,5.0,4.0,4.0,2.0,13.0,0.38461538461538464,0.6153846153846154
907974,3.0,3.0,29.0,3.0,0.0,0.0,9.666666666666666,0.0,3.0,False,False,0.0,,,,,3.0,1.0,0.0
907982,66.0,35.0,1428.0,34.0,1.0,0.015151515151515152,21.636363636363637,0.0010799136069114472,11.0,False,True,87.0,48.0,38.0,11.0,2.289473684210526,153.0,0.43137254901960786,0.5686274509803921
907986,1.0,1.0,20.0,1.0,0.0,0.0,20.0,0.0,1.0,False,False,447.0,73.0,43.0,11.0,10.395348837209303,448.0,0.002232142857142857,0.9977678571428571
907994,39.0,27.0,722.0,27.0,0.0,0.0,18.512820512820515,0.0,12.0,False,True,104.0,52.0,36.0,12.0,2.888888888888889,143.0,0.2727272727272727,0.7272727272727273
907998,0.0,,,,0.0,,,,,,,2.0,1.0,1.0,1.0,2.0,2.0,0.0,1.0
908002,6.0,4.0,99.0,4.0,0.0,0.0,16.5,0.0,4.0,False,False,16.0,10.0,7.0,4.0,2.2857142857142856,22.0,0.2727272727272727,0.7272727272727273
908078,42.0,29.0,694.0,29.0,0.0,0.0,16.523809523809526,0.0,12.0,False,True,56.0,17.0,14.0,9.0,4.0,98.0,0.42857142857142855,0.5714285714285714
908080,5.0,4.0,70.0,4.0,0.0,0.0,14.0,0.0,2.0,False,False,1.0,1.0,1.0,1.0,1.0,6.0,0.8333333333333334,0.16666666666666666
908082,27.0,18.0,279.0,17.0,0.0,0.0,10.333333333333334,0.0,9.0,False,False,20.0,11.0,10.0,7.0,2.0,47.0,0.574468085106383,0.425531914893617
908098,6.0,3.0,158.0,3.0,0.0,0.0,26.333333333333332,0.0,2.0,False,False,0.0,,,,,6.0,1.0,0.0
908130,3.0,3.0,85.0,3.0,0.0,0.0,28.333333333333332,0.0,3.0,False,False,0.0,,,,,3.0,1.0,0.0
908152,13.0,9.0,522.0,9.0,0.0,0.0,40.15384615384615,0.0,3.0,False,False,0.0,,,,,13.0,1.0,0.0
908162,3.0,2.0,159.0,2.0,0.0,0.0,53.0,0.0,2.0,False,False,0.0,,,,,3.0,1.0,0.0
908180,1.0,1.0,15.0,1.0,0.0,0.0,15.0,0.0,1.0,False,False,0.0,,,,,1.0,1.0,0.0
908300,3.0,2.0,169.0,1.0,0.0,0.0,56.333333333333336,0.0,1.0,False,False,0.0,,,,,3.0,1.0,0.0
908640,0.0,,,,0.0,,,,,,,14239.0,43.0,19.0,6.0,749.421052631579,14239.0,0.0,1.0
908718,0.0,,,,0.0,,,,,,,3.0,3.0,1.0,1.0,3.0,3.0,0.0,1.0
908834,23.0,4.0,781.0,4.0,0.0,0.0,33.95652173913044,0.0,1.0,False,False,1.0,1.0,1.0,1.0,1.0,24.0,0.9583333333333334,0.041666666666666664
908958,952.0,94.0,26062.0,78.0,3.0,0.0031512605042016808,27.376050420168067,0.0032397408207343412,12.0,False,True,107.0,49.0,34.0,11.0,3.1470588235294117,1059.0,0.898961284230406,0.10103871576959396
908960,695.0,108.0,16264.0,77.0,14.0,0.02014388489208633,23.401438848920865,0.01511879049676026,12.0,False,True,113.0,51.0,37.0,10.0,3.054054054054054,808.0,0.8601485148514851,0.13985148514851486
908984,0.0,,,,0.0,,,,,,,8.0,2.0,1.0,1.0,8.0,8.0,0.0,1.0
909134,197.0,65.0,6939.0,63.0,1.0,0.005076142131979695,35.223350253807105,0.0010799136069114472,12.0,False,True,5.0,5.0,5.0,3.0,1.0,202.0,0.9752475247524752,0.024752475247524754
909308,0.0,,,,0.0,,,,,,,15.0,3.0,3.0,2.0,5.0,15.0,0.0,1.0
909392,5.0,5.0,130.0,5.0,0.0,0.0,26.0,0.0,4.0,False,False,0.0,,,,,5.0,1.0,0.0
909452,0.0,,,,0.0,,,,,,,8.0,1.0,1.0,1.0,8.0,8.0,0.0,1.0
909502,0.0,,,,0.0,,,,,,,786.0,36.0,18.0,6.0,43.666666666666664,786.0,0.0,1.0
909624,3.0,2.0,101.0,1.0,0.0,0.0,33.666666666666664,0.0,1.0,False,False,0.0,,,,,3.0,1.0,0.0
909768,14.0,14.0,588.0,14.0,0.0,0.0,42.0,0.0,9.0,False,False,0.0,,,,,14.0,1.0,0.0
909892,4.0,3.0,42.0,3.0,0.0,0.0,10.5,0.0,2.0,False,False,4.0,2.0,1.0,1.0,4.0,8.0,0.5,0.5
909894,1.0,1.0,13.0,1.0,0.0,0.0,13.0,0.0,1.0,False,False,0.0,,,,,1.0,1.0,0.0
909896,1.0,1.0,9.0,1.0,0.0,0.0,9.0,0.0,1.0,False,False,0.0,,,,,1.0,1.0,0.0
909910,0.0,,,,0.0,,,,,,,318.0,116.0,49.0,12.0,6.489795918367347,318.0,0.0,1.0
910018,123.0,50.0,2912.0,47.0,0.0,0.0,23.67479674796748,0.0,12.0,False,True,0.0,,,,,123.0,1.0,0.0
910038,2.0,2.0,30.0,2.0,0.0,0.0,15.0,0.0,2.0,False,False,0.0,,,,,2.0,1.0,0.0
910044,19.0,10.0,282.0,10.0,0.0,0.0,14.842105263157896,0.0,6.0,False,False,0.0,,,,,19.0,1.0,0.0
910224,11.0,8.0,153.0,8.0,0.0,0.0,13.909090909090908,0.0,6.0,False,False,0.0,,,,,11.0,1.0,0.0
910226,8.0,8.0,132.0,8.0,2.0,0.25,16.5,0.0021598272138228943,5.0,True,False,0.0,,,,,8.0,1.0,0.0
910516,32.0,22.0,701.0,22.0,0.0,0.0,21.90625,0.0,10.0,False,True,0.0,,,,,32.0,1.0,0.0
910520,0.0,,,,0.0,,,,,,,198.0,50.0,32.0,10.0,6.1875,198.0,0.0,1.0
910524,0.0,,,,0.0,,,,,,,85.0,10.0,5.0,2.0,17.0,85.0,0.0,1.0
910530,0.0,,,,0.0,,,,,,,1061.0,28.0,14.0,5.0,75.78571428571429,1061.0,0.0,1.0
910532,0.0,,,,0.0,,,,,,,151.0,17.0,11.0,6.0,13.727272727272727,151.0,0.0,1.0
910540,154.0,58.0,3210.0,56.0,1.0,0.006493506493506494,20.844155844155843,0.0010799136069114472,11.0,False,True,0.0,,,,,154.0,1.0,0.0
910594,0.0,,,,0.0,,,,,,,28.0,2.0,1.0,1.0,28.0,28.0,0.0,1.0
910902,0.0,,,,0.0,,,,,,,15.0,8.0,8.0,6.0,1.875,15.0,0.0,1.0
910926,0.0,,,,0.0,,,,,,,25.0,7.0,7.0,4.0,3.5714285714285716,25.0,0.0,1.0
910958,13.0,10.0,709.0,9.0,0.0,0.0,54.53846153846154,0.0,4.0,False,False,0.0,,,,,13.0,1.0,0.0
911102,27.0,20.0,822.0,18.0,3.0,0.1111111111111111,30.444444444444443,0.0032397408207343412,10.0,True,False,0.0,,,,,27.0,1.0,0.0
911104,1.0,1.0,13.0,1.0,0.0,0.0,13.0,0.0,1.0,False,False,0.0,,,,,1.0,1.0,0.0
911136,211.0,46.0,4230.0,45.0,1.0,0.004739336492890996,20.04739336492891,0.0010799136069114472,12.0,False,True,0.0,,,,,211.0,1.0,0.0
911138,289.0,56.0,5690.0,54.0,3.0,0.010380622837370242,19.688581314878892,0.0032397408207343412,12.0,False,True,0.0,,,,,289.0,1.0,0.0
911140,70.0,33.0,1840.0,32.0,2.0,0.02857142857142857,26.285714285714285,0.0021598272138228943,10.0,False,True,0.0,,,,,70.0,1.0,0.0
911142,20.0,14.0,923.0,13.0,2.0,0.1,46.15,0.0021598272138228943,8.0,False,False,0.0,,,,,20.0,1.0,0.0
911152,2.0,1.0,43.0,1.0,0.0,0.0,21.5,0.0,1.0,False,False,0.0,,,,,2.0,1.0,0.0
911214,2.0,2.0,36.0,2.0,0.0,0.0,18.0,0.0,2.0,False,False,0.0,,,,,2.0,1.0,0.0
911310,401.0,55.0,5504.0,53.0,3.0,0.007481296758104738,13.72568578553616,0.0032397408207343412,10.0,False,True,95.0,35.0,21.0,7.0,4.523809523809524,496.0,0.8084677419354839,0.19153225806451613
912010,144.0,52.0,2597.0,49.0,2.0,0.013888888888888888,18.03472222222222,0.0021598272138228943,11.0,False,True,0.0,,,,,144.0,1.0,0.0
912252,39.0,27.0,604.0,27.0,0.0,0.0,15.487179487179487,0.0,8.0,False,True,224.0,66.0,39.0,11.0,5.743589743589744,263.0,0.1482889733840304,0.8517110266159695
912296,173.0,47.0,2001.0,44.0,3.0,0.017341040462427744,11.566473988439306,0.0032397408207343412,10.0,False,True,483.0,76.0,40.0,10.0,12.075,656.0,0.26371951219512196,0.7362804878048781
912684,27.0,16.0,958.0,14.0,1.0,0.037037037037037035,35.48148148148148,0.0010799136069114472,7.0,False,False,0.0,,,,,27.0,1.0,0.0
912722,153.0,45.0,934.0,45.0,0.0,0.0,6.104575163398692,0.0,11.0,False,True,385.0,141.0,50.0,11.0,7.7,538.0,0.2843866171003718,0.7156133828996283
913474,2.0,1.0,74.0,1.0,0.0,0.0,37.0,0.0,1.0,False,False,8.0,3.0,2.0,1.0,4.0,10.0,0.2,0.8
913780,5.0,3.0,89.0,3.0,0.0,0.0,17.8,0.0,3.0,False,False,0.0,,,,,5.0,1.0,0.0
913788,793.0,66.0,12673.0,64.0,2.0,0.0025220680958385876,15.98108448928121,0.0021598272138228943,10.0,False,True,963.0,108.0,57.0,11.0,16.894736842105264,1756.0,0.4515945330296128,0.5484054669703873
913868,19.0,1.0,48.0,1.0,0.0,0.0,2.526315789473684,0.0,1.0,False,False,18.0,3.0,2.0,2.0,9.0,37.0,0.5135135135135135,0.4864864864864865
913886,2.0,2.0,27.0,2.0,1.0,0.5,13.5,0.0010799136069114472,2.0,True,False,0.0,,,,,2.0,1.0,0.0
913938,4766.0,77.0,40577.0,64.0,14.0,0.0029374737725556023,8.513848090642048,0.01511879049676026,11.0,False,True,408.0,71.0,40.0,11.0,10.2,5174.0,0.9211441824507152,0.07885581754928489
913942,2467.0,85.0,29573.0,57.0,52.0,0.02107823267126064,11.987434130522903,0.056155507559395246,11.0,False,True,440.0,50.0,25.0,9.0,17.6,2907.0,0.8486412108703131,0.15135878912968695
913984,1.0,1.0,17.0,1.0,0.0,0.0,17.0,0.0,1.0,False,False,6.0,2.0,1.0,1.0,6.0,7.0,0.14285714285714285,0.8571428571428571
914036,0.0,,,,0.0,,,,,,,18.0,3.0,2.0,1.0,9.0,18.0,0.0,1.0
914050,12.0,10.0,102.0,10.0,0.0,0.0,8.5,0.0,6.0,False,False,387.0,40.0,21.0,7.0,18.428571428571427,399.0,0.03007518796992481,0.9699248120300752
914052,0.0,,,,0.0,,,,,,,1368.0,86.0,46.0,9.0,29.73913043478261,1368.0,0.0,1.0
914168,1.0,1.0,11.0,1.0,0.0,0.0,11.0,0.0,1.0,False,False,10.0,5.0,4.0,2.0,2.5,11.0,0.09090909090909091,0.9090909090909091
914170,12.0,5.0,143.0,5.0,0.0,0.0,11.916666666666666,0.0,3.0,False,False,4.0,3.0,2.0,2.0,2.0,16.0,0.75,0.25
914172,6.0,2.0,69.0,2.0,0.0,0.0,11.5,0.0,2.0,False,False,0.0,,,,,6.0,1.0,0.0
914238,0.0,,,,0.0,,,,,,,335.0,34.0,24.0,10.0,13.958333333333334,335.0,0.0,1.0
914240,0.0,,,,0.0,,,,,,,46.0,8.0,4.0,3.0,11.5,46.0,0.0,1.0
914256,24.0,15.0,368.0,15.0,0.0,0.0,15.333333333333334,0.0,7.0,False,False,1.0,1.0,1.0,1.0,1.0,25.0,0.96,0.04
914266,0.0,,,,0.0,,,,,,,5.0,3.0,2.0,2.0,2.5,5.0,0.0,1.0
914272,0.0,,,,0.0,,,,,,,1.0,1.0,1.0,1.0,1.0,1.0,0.0,1.0
914338,0.0,,,,0.0,,,,,,,48.0,12.0,6.0,5.0,8.0,48.0,0.0,1.0
914348,0.0,,,,0.0,,,,,,,6.0,4.0,4.0,3.0,1.5,6.0,0.0,1.0
914426,3.0,3.0,69.0,3.0,0.0,0.0,23.0,0.0,3.0,False,False,4.0,2.0,1.0,1.0,4.0,7.0,0.42857142857142855,0.5714285714285714
914440,30.0,19.0,573.0,18.0,1.0,0.03333333333333333,19.1,0.0010799136069114472,9.0,False,True,1.0,1.0,1.0,1.0,1.0,31.0,0.967741935483871,0.03225806451612903
914626,0.0,,,,0.0,,,,,,,1.0,1.0,1.0,1.0,1.0,1.0,0.0,1.0
914630,19.0,12.0,238.0,12.0,0.0,0.0,12.526315789473685,0.0,7.0,False,False,136.0,36.0,23.0,10.0,5.913043478260869,155.0,0.12258064516129032,0.8774193548387097
914636,3.0,2.0,28.0,2.0,0.0,0.0,9.333333333333334,0.0,2.0,False,False,15.0,9.0,6.0,4.0,2.5,18.0,0.16666666666666666,0.8333333333333334
914816,0.0,,,,0.0,,,,,,,7.0,7.0,4.0,4.0,1.75,7.0,0.0,1.0
914842,6.0,6.0,113.0,6.0,0.0,0.0,18.833333333333332,0.0,5.0,False,False,0.0,,,,,6.0,1.0,0.0
914848,2.0,2.0,37.0,2.0,0.0,0.0,18.5,0.0,2.0,False,False,15.0,5.0,3.0,2.0,5.0,17.0,0.11764705882352941,0.8823529411764706
914870,5.0,4.0,84.0,4.0,0.0,0.0,16.8,0.0,3.0,False,False,4.0,2.0,1.0,1.0,4.0,9.0,0.5555555555555556,0.4444444444444444
915358,0.0,,,,0.0,,,,,,,253.0,64.0,37.0,11.0,6.837837837837838,253.0,0.0,1.0
915360,0.0,,,,0.0,,,,,,,271.0,77.0,41.0,11.0,6.609756097560975,271.0,0.0,1.0
915504,0.0,,,,0.0,,,,,,,33.0,7.0,4.0,2.0,8.25,33.0,0.0,1.0
915556,185.0,61.0,1218.0,58.0,3.0,0.016216216216216217,6.583783783783784,0.0032397408207343412,11.0,False,True,2110.0,136.0,66.0,11.0,31.96969696969697,2295.0,0.08061002178649238,0.9193899782135077
915558,0.0,,,,0.0,,,,,,,161.0,25.0,12.0,5.0,13.416666666666666,161.0,0.0,1.0
915614,2.0,1.0,56.0,1.0,0.0,0.0,28.0,0.0,1.0,False,False,62.0,17.0,10.0,5.0,6.2,64.0,0.03125,0.96875
915958,11.0,6.0,223.0,6.0,0.0,0.0,20.272727272727273,0.0,3.0,False,False,19.0,9.0,4.0,2.0,4.75,30.0,0.36666666666666664,0.6333333333333333
916424,404.0,35.0,4160.0,32.0,3.0,0.007425742574257425,10.297029702970297,0.0032397408207343412,6.0,False,True,141.0,41.0,23.0,6.0,6.130434782608695,545.0,0.7412844036697248,0.25871559633027524
916596,0.0,,,,0.0,,,,,,,30.0,3.0,2.0,2.0,15.0,30.0,0.0,1.0
916618,52.0,30.0,1062.0,30.0,0.0,0.0,20.423076923076923,0.0,9.0,False,True,105.0,27.0,16.0,4.0,6.5625,157.0,0.33121019108280253,0.6687898089171974
917234,5.0,5.0,69.0,5.0,0.0,0.0,13.8,0.0,4.0,False,False,1174.0,56.0,28.0,8.0,41.92857142857143,1179.0,0.004240882103477523,0.9957591178965225
917252,6.0,3.0,249.0,3.0,0.0,0.0,41.5,0.0,2.0,False,False,12.0,9.0,6.0,2.0,2.0,18.0,0.3333333333333333,0.6666666666666666
917378,2.0,2.0,25.0,2.0,0.0,0.0,12.5,0.0,1.0,False,False,14.0,6.0,4.0,2.0,3.5,16.0,0.125,0.875
917446,0.0,,,,0.0,,,,,,,15.0,9.0,6.0,3.0,2.5,15.0,0.0,1.0
917680,2.0,2.0,200.0,2.0,0.0,0.0,100.0,0.0,2.0,False,False,43.0,13.0,8.0,3.0,5.375,45.0,0.044444444444444446,0.9555555555555556
917682,0.0,,,,0.0,,,,,,,7.0,2.0,1.0,1.0,7.0,7.0,0.0,1.0
917846,3.0,2.0,25.0,2.0,0.0,0.0,8.333333333333334,0.0,2.0,False,False,32.0,10.0,7.0,4.0,4.571428571428571,35.0,0.08571428571428572,0.9142857142857143
917850,166.0,48.0,2815.0,46.0,1.0,0.006024096385542169,16.957831325301203,0.0010799136069114472,10.0,False,True,162.0,75.0,41.0,10.0,3.951219512195122,328.0,0.5060975609756098,0.49390243902439024
917852,375.0,47.0,7134.0,46.0,1.0,0.0026666666666666666,19.024,0.0010799136069114472,10.0,False,True,1017.0,100.0,47.0,10.0,21.638297872340427,1392.0,0.26939655172413796,0.7306034482758621
917856,3.0,2.0,33.0,2.0,0.0,0.0,11.0,0.0,2.0,False,False,74.0,30.0,24.0,9.0,3.0833333333333335,77.0,0.03896103896103896,0.961038961038961
917858,1.0,1.0,14.0,1.0,0.0,0.0,14.0,0.0,1.0,False,False,2.0,1.0,1.0,1.0,2.0,3.0,0.3333333333333333,0.6666666666666666
917876,8.0,7.0,108.0,7.0,0.0,0.0,13.5,0.0,4.0,False,False,2.0,2.0,2.0,2.0,1.0,10.0,0.8,0.2
917890,0.0,,,,0.0,,,,,,,1.0,1.0,1.0,1.0,1.0,1.0,0.0,1.0
918390,0.0,,,,0.0,,,,,,,246.0,72.0,62.0,10.0,3.967741935483871,246.0,0.0,1.0
918436,34.0,20.0,632.0,19.0,1.0,0.029411764705882353,18.58823529411765,0.0010799136069114472,8.0,False,True,728.0,26.0,13.0,5.0,56.0,762.0,0.04461942257217848,0.9553805774278216
918452,0.0,,,,0.0,,,,,,,313.0,95.0,41.0,10.0,7.634146341463414,313.0,0.0,1.0
918888,8.0,8.0,75.0,7.0,1.0,0.125,9.375,0.0010799136069114472,7.0,True,False,3.0,3.0,3.0,3.0,1.0,11.0,0.7272727272727273,0.2727272727272727
918956,2.0,2.0,69.0,2.0,0.0,0.0,34.5,0.0,1.0,False,False,17.0,8.0,4.0,2.0,4.25,19.0,0.10526315789473684,0.8947368421052632
918958,1.0,1.0,37.0,1.0,0.0,0.0,37.0,0.0,1.0,False,False,8.0,3.0,1.0,1.0,8.0,9.0,0.1111111111111111,0.8888888888888888
918978,744.0,44.0,7345.0,41.0,4.0,0.005376344086021506,9.87231182795699,0.004319654427645789,10.0,False,True,1239.0,89.0,45.0,9.0,27.533333333333335,1983.0,0.3751891074130106,0.6248108925869894
918986,566.0,40.0,5485.0,40.0,0.0,0.0,9.690812720848056,0.0,10.0,False,True,1397.0,90.0,45.0,9.0,31.044444444444444,1963.0,0.28833418237391745,0.7116658176260825
918988,1.0,1.0,13.0,1.0,0.0,0.0,13.0,0.0,1.0,False,False,1.0,1.0,1.0,1.0,1.0,2.0,0.5,0.5
919126,0.0,,,,0.0,,,,,,,291.0,20.0,10.0,4.0,29.1,291.0,0.0,1.0
919128,0.0,,,,0.0,,,,,,,388.0,9.0,5.0,3.0,77.6,388.0,0.0,1.0
919162,0.0,,,,0.0,,,,,,,2757.0,31.0,16.0,4.0,172.3125,2757.0,0.0,1.0
919164,648.0,14.0,4023.0,9.0,3.0,0.004629629629629629,6.208333333333333,0.0032397408207343412,3.0,False,True,10.0,8.0,6.0,3.0,1.6666666666666667,658.0,0.9848024316109423,0.015197568389057751
919166,993.0,14.0,5624.0,10.0,6.0,0.006042296072507553,5.663645518630413,0.0064794816414686825,4.0,False,True,20.0,10.0,8.0,4.0,2.5,1013.0,0.9802566633761106,0.019743336623889437
919188,0.0,,,,0.0,,,,,,,831.0,12.0,7.0,2.0,118.71428571428571,831.0,0.0,1.0
919190,2.0,2.0,22.0,2.0,0.0,0.0,11.0,0.0,2.0,False,False,83.0,3.0,2.0,2.0,41.5,85.0,0.023529411764705882,0.9764705882352941
919192,0.0,,,,0.0,,,,,,,2158.0,32.0,16.0,4.0,134.875,2158.0,0.0,1.0
919194,0.0,,,,0.0,,,,,,,1295.0,34.0,18.0,4.0,71.94444444444444,1295.0,0.0,1.0
919196,0.0,,,,0.0,,,,,,,2713.0,34.0,17.0,4.0,159.58823529411765,2713.0,0.0,1.0
919198,0.0,,,,0.0,,,,,,,1066.0,21.0,11.0,4.0,96.9090909090909,1066.0,0.0,1.0
919200,0.0,,,,0.0,,,,,,,1242.0,26.0,12.0,4.0,103.5,1242.0,0.0,1.0
919202,0.0,,,,0.0,,,,,,,2433.0,36.0,18.0,4.0,135.16666666666666,2433.0,0.0,1.0
919204,1167.0,17.0,9366.0,10.0,9.0,0.007712082262210797,8.025706940874036,0.009719222462203024,4.0,False,True,9.0,7.0,5.0,3.0,1.8,1176.0,0.9923469387755102,0.007653061224489796
919206,926.0,19.0,7373.0,11.0,9.0,0.009719222462203024,7.962203023758099,0.009719222462203024,4.0,False,True,1.0,1.0,1.0,1.0,1.0,927.0,0.9989212513484358,0.0010787486515641855
919214,18.0,10.0,511.0,10.0,0.0,0.0,28.38888888888889,0.0,5.0,False,False,1.0,1.0,1.0,1.0,1.0,19.0,0.9473684210526315,0.05263157894736842
919218,21.0,10.0,283.0,8.0,1.0,0.047619047619047616,13.476190476190476,0.0010799136069114472,4.0,False,False,287.0,36.0,16.0,4.0,17.9375,308.0,0.06818181818181818,0.9318181818181818
919302,0.0,,,,0.0,,,,,,,2312.0,33.0,17.0,4.0,136.0,2312.0,0.0,1.0
919306,0.0,,,,0.0,,,,,,,1504.0,25.0,13.0,4.0,115.6923076923077,1504.0,0.0,1.0
919310,0.0,,,,0.0,,,,,,,2077.0,43.0,23.0,4.0,90.30434782608695,2077.0,0.0,1.0
919314,0.0,,,,0.0,,,,,,,2416.0,28.0,14.0,4.0,172.57142857142858,2416.0,0.0,1.0
919318,0.0,,,,0.0,,,,,,,1813.0,30.0,15.0,4.0,120.86666666666666,1813.0,0.0,1.0
919362,0.0,,,,0.0,,,,,,,2326.0,28.0,14.0,4.0,166.14285714285714,2326.0,0.0,1.0
919364,0.0,,,,0.0,,,,,,,4820.0,41.0,21.0,4.0,229.52380952380952,4820.0,0.0,1.0
919370,0.0,,,,0.0,,,,,,,1324.0,24.0,12.0,4.0,110.33333333333333,1324.0,0.0,1.0
919372,0.0,,,,0.0,,,,,,,1563.0,26.0,13.0,4.0,120.23076923076923,1563.0,0.0,1.0
919374,0.0,,,,0.0,,,,,,,2021.0,28.0,14.0,4.0,144.35714285714286,2021.0,0.0,1.0
919376,0.0,,,,0.0,,,,,,,1284.0,23.0,11.0,4.0,116.72727272727273,1284.0,0.0,1.0
919378,0.0,,,,0.0,,,,,,,1114.0,16.0,8.0,4.0,139.25,1114.0,0.0,1.0
919382,0.0,,,,0.0,,,,,,,1629.0,23.0,12.0,4.0,135.75,1629.0,0.0,1.0
919390,0.0,,,,0.0,,,,,,,721.0,14.0,7.0,3.0,103.0,721.0,0.0,1.0
919418,0.0,,,,0.0,,,,,,,2.0,1.0,1.0,1.0,2.0,2.0,0.0,1.0
919456,0.0,,,,0.0,,,,,,,1147.0,24.0,12.0,4.0,95.58333333333333,1147.0,0.0,1.0
919464,0.0,,,,0.0,,,,,,,1289.0,25.0,13.0,4.0,99.15384615384616,1289.0,0.0,1.0
919476,0.0,,,,0.0,,,,,,,1871.0,28.0,14.0,4.0,133.64285714285714,1871.0,0.0,1.0
919482,0.0,,,,0.0,,,,,,,1392.0,22.0,11.0,4.0,126.54545454545455,1392.0,0.0,1.0
919490,0.0,,,,0.0,,,,,,,1668.0,25.0,13.0,4.0,128.30769230769232,1668.0,0.0,1.0
919504,0.0,,,,0.0,,,,,,,1971.0,24.0,12.0,3.0,164.25,1971.0,0.0,1.0
919536,2.0,2.0,18.0,2.0,0.0,0.0,9.0,0.0,2.0,False,False,8.0,5.0,3.0,2.0,2.6666666666666665,10.0,0.2,0.8
919552,1089.0,66.0,37076.0,63.0,1.0,0.0009182736455463728,34.045913682277316,0.0010799136069114472,10.0,False,True,63.0,40.0,34.0,9.0,1.8529411764705883,1152.0,0.9453125,0.0546875
919554,1182.0,76.0,38240.0,64.0,11.0,0.009306260575296108,32.35194585448392,0.011879049676025918,10.0,False,True,11.0,8.0,8.0,6.0,1.375,1193.0,0.9907795473595976,0.009220452640402346
919790,1578.0,61.0,52875.0,59.0,0.0,0.0,33.50760456273764,0.0,10.0,False,True,23.0,13.0,12.0,6.0,1.9166666666666667,1601.0,0.985633978763273,0.014366021236727046
919792,750.0,57.0,22642.0,56.0,1.0,0.0013333333333333333,30.189333333333334,0.0010799136069114472,10.0,False,True,68.0,38.0,31.0,9.0,2.193548387096774,818.0,0.9168704156479217,0.08312958435207823
919794,1136.0,32.0,32236.0,31.0,1.0,0.0008802816901408451,28.37676056338028,0.0010799136069114472,9.0,False,True,21.0,10.0,9.0,6.0,2.3333333333333335,1157.0,0.9818496110630942,0.018150388936905792
919896,5.0,4.0,70.0,3.0,1.0,0.2,14.0,0.0010799136069114472,3.0,True,False,0.0,,,,,5.0,1.0,0.0
919906,0.0,,,,0.0,,,,,,,1497.0,34.0,16.0,4.0,93.5625,1497.0,0.0,1.0
919910,0.0,,,,0.0,,,,,,,327.0,24.0,12.0,4.0,27.25,327.0,0.0,1.0
919956,12.0,12.0,129.0,11.0,0.0,0.0,10.75,0.0,5.0,False,False,0.0,,,,,12.0,1.0,0.0
919958,2.0,1.0,35.0,1.0,0.0,0.0,17.5,0.0,1.0,False,False,0.0,,,,,2.0,1.0,0.0
919994,20.0,12.0,834.0,12.0,0.0,0.0,41.7,0.0,6.0,False,False,0.0,,,,,20.0,1.0,0.0
920146,0.0,,,,0.0,,,,,,,84.0,34.0,16.0,5.0,5.25,84.0,0.0,1.0
920414,0.0,,,,0.0,,,,,,,1266.0,20.0,10.0,3.0,126.6,1266.0,0.0,1.0
920416,0.0,,,,0.0,,,,,,,1576.0,27.0,14.0,4.0,112.57142857142857,1576.0,0.0,1.0
920666,178.0,41.0,1628.0,40.0,1.0,0.0056179775280898875,9.146067415730338,0.0010799136069114472,10.0,False,True,264.0,59.0,39.0,10.0,6.769230769230769,442.0,0.40271493212669685,0.5972850678733032
920706,68.0,27.0,1626.0,25.0,6.0,0.08823529411764706,23.91176470588235,0.0064794816414686825,9.0,False,True,140.0,43.0,25.0,9.0,5.6,208.0,0.3269230769230769,0.6730769230769231
920720,114.0,35.0,1775.0,35.0,0.0,0.0,15.570175438596491,0.0,9.0,False,True,200.0,60.0,38.0,9.0,5.2631578947368425,314.0,0.3630573248407643,0.6369426751592356
920726,58.0,22.0,846.0,22.0,1.0,0.017241379310344827,14.586206896551724,0.0010799136069114472,6.0,False,True,52.0,28.0,21.0,6.0,2.4761904761904763,110.0,0.5272727272727272,0.4727272727272727
920728,201.0,37.0,3255.0,34.0,4.0,0.01990049751243781,16.19402985074627,0.004319654427645789,9.0,False,True,99.0,36.0,26.0,9.0,3.8076923076923075,300.0,0.67,0.33
920732,116.0,24.0,1652.0,24.0,0.0,0.0,14.241379310344827,0.0,9.0,False,True,157.0,38.0,23.0,8.0,6.826086956521739,273.0,0.4249084249084249,0.575091575091575
920838,65.0,24.0,760.0,24.0,0.0,0.0,11.692307692307692,0.0,6.0,False,True,172.0,49.0,33.0,7.0,5.212121212121212,237.0,0.2742616033755274,0.7257383966244726
920852,192.0,40.0,2083.0,38.0,2.0,0.010416666666666666,10.848958333333334,0.0021598272138228943,7.0,False,True,277.0,61.0,37.0,7.0,7.486486486486487,469.0,0.4093816631130064,0.5906183368869936
920874,33.0,19.0,913.0,19.0,0.0,0.0,27.666666666666668,0.0,9.0,False,True,0.0,,,,,33.0,1.0,0.0
920902,48.0,24.0,2126.0,23.0,1.0,0.020833333333333332,44.291666666666664,0.0010799136069114472,8.0,False,True,17.0,9.0,9.0,6.0,1.8888888888888888,65.0,0.7384615384615385,0.26153846153846155
920928,0.0,,,,0.0,,,,,,,15.0,9.0,5.0,2.0,3.0,15.0,0.0,1.0
920930,1.0,1.0,62.0,1.0,0.0,0.0,62.0,0.0,1.0,False,False,0.0,,,,,1.0,1.0,0.0
920982,51.0,27.0,1302.0,27.0,0.0,0.0,25.529411764705884,0.0,9.0,False,True,0.0,,,,,51.0,1.0,0.0
921062,113.0,34.0,1253.0,34.0,0.0,0.0,11.08849557522124,0.0,7.0,False,True,6.0,3.0,2.0,2.0,3.0,119.0,0.9495798319327731,0.05042016806722689
921102,13.0,9.0,264.0,9.0,0.0,0.0,20.307692307692307,0.0,7.0,False,False,15.0,10.0,8.0,6.0,1.875,28.0,0.4642857142857143,0.5357142857142857
921104,6.0,4.0,123.0,4.0,0.0,0.0,20.5,0.0,4.0,False,False,9.0,3.0,2.0,1.0,4.5,15.0,0.4,0.6
921116,0.0,,,,0.0,,,,,,,102.0,50.0,25.0,7.0,4.08,102.0,0.0,1.0
921306,398.0,47.0,8417.0,43.0,4.0,0.010050251256281407,21.14824120603015,0.004319654427645789,10.0,False,True,542.0,79.0,42.0,10.0,12.904761904761905,940.0,0.42340425531914894,0.5765957446808511
921316,0.0,,,,0.0,,,,,,,80.0,37.0,21.0,9.0,3.8095238095238093,80.0,0.0,1.0
921318,2323.0,55.0,33848.0,44.0,6.0,0.002582866982350409,14.57081360309944,0.0064794816414686825,9.0,False,True,2560.0,96.0,44.0,10.0,58.18181818181818,4883.0,0.47573213188613556,0.5242678681138644
921320,79.0,21.0,1801.0,20.0,1.0,0.012658227848101266,22.79746835443038,0.0010799136069114472,6.0,False,True,269.0,39.0,21.0,6.0,12.80952380952381,348.0,0.22701149425287356,0.7729885057471264
921574,0.0,,,,0.0,,,,,,,1506.0,22.0,11.0,4.0,136.9090909090909,1506.0,0.0,1.0
921584,0.0,,,,0.0,,,,,,,1266.0,27.0,14.0,4.0,90.42857142857143,1266.0,0.0,1.0
921592,0.0,,,,0.0,,,,,,,1602.0,24.0,12.0,4.0,133.5,1602.0,0.0,1.0
921594,0.0,,,,0.0,,,,,,,1078.0,18.0,9.0,4.0,119.77777777777777,1078.0,0.0,1.0
921596,0.0,,,,0.0,,,,,,,1270.0,22.0,11.0,4.0,115.45454545454545,1270.0,0.0,1.0
921814,42.0,5.0,283.0,4.0,4.0,0.09523809523809523,6.738095238095238,0.004319654427645789,2.0,False,True,43.0,17.0,9.0,4.0,4.777777777777778,85.0,0.49411764705882355,0.5058823529411764
921818,1808.0,70.0,19001.0,60.0,10.0,0.0055309734513274336,10.509402654867257,0.01079913606911447,9.0,False,True,2106.0,127.0,60.0,9.0,35.1,3914.0,0.4619315278487481,0.5380684721512519
922114,1.0,1.0,61.0,1.0,0.0,0.0,61.0,0.0,1.0,False,False,11.0,6.0,5.0,2.0,2.2,12.0,0.08333333333333333,0.9166666666666666
922142,0.0,,,,0.0,,,,,,,733.0,104.0,52.0,10.0,14.096153846153847,733.0,0.0,1.0
922154,2.0,2.0,18.0,2.0,0.0,0.0,9.0,0.0,2.0,False,False,0.0,,,,,2.0,1.0,0.0
922356,18.0,9.0,472.0,9.0,0.0,0.0,26.22222222222222,0.0,4.0,False,False,0.0,,,,,18.0,1.0,0.0
922428,27.0,16.0,228.0,16.0,0.0,0.0,8.444444444444445,0.0,5.0,False,False,204.0,52.0,24.0,5.0,8.5,231.0,0.11688311688311688,0.8831168831168831
922474,63.0,16.0,507.0,16.0,0.0,0.0,8.047619047619047,0.0,4.0,False,True,211.0,47.0,17.0,4.0,12.411764705882353,274.0,0.22992700729927007,0.7700729927007299
922476,0.0,,,,0.0,,,,,,,196.0,42.0,13.0,4.0,15.076923076923077,196.0,0.0,1.0
922486,1.0,1.0,8.0,1.0,0.0,0.0,8.0,0.0,1.0,False,False,5.0,4.0,4.0,3.0,1.25,6.0,0.16666666666666666,0.8333333333333334
922698,4.0,2.0,43.0,1.0,0.0,0.0,10.75,0.0,1.0,False,False,12.0,5.0,3.0,2.0,4.0,16.0,0.25,0.75
922710,0.0,,,,0.0,,,,,,,1590.0,24.0,12.0,4.0,132.5,1590.0,0.0,1.0
923250,0.0,,,,0.0,,,,,,,148.0,19.0,19.0,5.0,7.7894736842105265,148.0,0.0,1.0
923254,1.0,1.0,45.0,1.0,0.0,0.0,45.0,0.0,1.0,False,False,9.0,3.0,3.0,3.0,3.0,10.0,0.1,0.9
923526,901.0,63.0,7000.0,60.0,2.0,0.0022197558268590455,7.769145394006659,0.0021598272138228943,9.0,False,True,1832.0,120.0,60.0,9.0,30.533333333333335,2733.0,0.3296743505305525,0.6703256494694475
923528,119.0,48.0,2877.0,46.0,2.0,0.01680672268907563,24.176470588235293,0.0021598272138228943,9.0,False,True,638.0,78.0,42.0,9.0,15.19047619047619,757.0,0.1571994715984148,0.8428005284015853
923646,1.0,1.0,19.0,1.0,0.0,0.0,19.0,0.0,1.0,False,False,0.0,,,,,1.0,1.0,0.0
923666,0.0,,,,0.0,,,,,,,1805.0,33.0,16.0,3.0,112.8125,1805.0,0.0,1.0
923744,1.0,1.0,5.0,1.0,0.0,0.0,5.0,0.0,1.0,False,False,0.0,,,,,1.0,1.0,0.0
923944,41.0,28.0,482.0,28.0,0.0,0.0,11.75609756097561,0.0,9.0,False,True,0.0,,,,,41.0,1.0,0.0
924356,0.0,,,,0.0,,,,,,,262.0,67.0,27.0,9.0,9.703703703703704,262.0,0.0,1.0
924370,0.0,,,,0.0,,,,,,,14.0,11.0,10.0,5.0,1.4,14.0,0.0,1.0
924544,104.0,34.0,686.0,34.0,0.0,0.0,6.596153846153846,0.0,9.0,False,True,13.0,10.0,9.0,6.0,1.4444444444444444,117.0,0.8888888888888888,0.1111111111111111
924546,44.0,23.0,701.0,22.0,1.0,0.022727272727272728,15.931818181818182,0.0010799136069114472,7.0,False,True,71.0,31.0,23.0,9.0,3.0869565217391304,115.0,0.3826086956521739,0.6173913043478261
924572,0.0,,,,0.0,,,,,,,1.0,1.0,1.0,1.0,1.0,1.0,0.0,1.0
924614,6.0,4.0,37.0,4.0,0.0,0.0,6.166666666666667,0.0,4.0,False,False,16.0,2.0,2.0,2.0,8.0,22.0,0.2727272727272727,0.7272727272727273
924662,1.0,1.0,20.0,1.0,0.0,0.0,20.0,0.0,1.0,False,False,0.0,,,,,1.0,1.0,0.0
924928,30.0,15.0,978.0,14.0,1.0,0.03333333333333333,32.6,0.0010799136069114472,6.0,False,True,49.0,28.0,19.0,6.0,2.5789473684210527,79.0,0.379746835443038,0.620253164556962
924930,21.0,13.0,460.0,11.0,1.0,0.047619047619047616,21.904761904761905,0.0010799136069114472,6.0,False,False,224.0,71.0,31.0,7.0,7.225806451612903,245.0,0.08571428571428572,0.9142857142857143
924932,3.0,3.0,54.0,3.0,0.0,0.0,18.0,0.0,2.0,False,False,28.0,20.0,16.0,6.0,1.75,31.0,0.0967741935483871,0.9032258064516129
924934,5.0,3.0,192.0,3.0,0.0,0.0,38.4,0.0,3.0,False,False,569.0,98.0,28.0,7.0,20.321428571428573,574.0,0.008710801393728223,0.9912891986062717
924936,8.0,6.0,154.0,6.0,2.0,0.25,19.25,0.0021598272138228943,4.0,True,False,0.0,,,,,8.0,1.0,0.0
924940,8.0,6.0,164.0,6.0,0.0,0.0,20.5,0.0,4.0,False,False,193.0,63.0,27.0,7.0,7.148148148148148,201.0,0.03980099502487562,0.9601990049751243
924946,7.0,5.0,215.0,3.0,0.0,0.0,30.714285714285715,0.0,3.0,False,False,41.0,20.0,12.0,5.0,3.4166666666666665,48.0,0.14583333333333334,0.8541666666666666
924948,15.0,12.0,272.0,12.0,1.0,0.06666666666666667,18.133333333333333,0.0010799136069114472,5.0,False,False,238.0,79.0,37.0,8.0,6.4324324324324325,253.0,0.05928853754940711,0.9407114624505929
924950,25.0,17.0,590.0,17.0,0.0,0.0,23.6,0.0,7.0,False,False,287.0,90.0,38.0,7.0,7.552631578947368,312.0,0.08012820512820513,0.9198717948717948
924952,22.0,11.0,467.0,11.0,0.0,0.0,21.227272727272727,0.0,6.0,False,False,90.0,46.0,27.0,7.0,3.3333333333333335,112.0,0.19642857142857142,0.8035714285714286
924954,19.0,13.0,604.0,12.0,1.0,0.05263157894736842,31.789473684210527,0.0010799136069114472,5.0,False,False,118.0,45.0,20.0,6.0,5.9,137.0,0.1386861313868613,0.8613138686131386
924956,32.0,19.0,622.0,18.0,0.0,0.0,19.4375,0.0,7.0,False,True,62.0,27.0,14.0,5.0,4.428571428571429,94.0,0.3404255319148936,0.6595744680851063
924958,29.0,17.0,374.0,17.0,0.0,0.0,12.89655172413793,0.0,6.0,False,False,215.0,80.0,34.0,8.0,6.323529411764706,244.0,0.11885245901639344,0.8811475409836066
924960,54.0,31.0,1180.0,26.0,1.0,0.018518518518518517,21.85185185185185,0.0010799136069114472,7.0,False,True,230.0,103.0,41.0,7.0,5.609756097560975,284.0,0.19014084507042253,0.8098591549295775
925104,873.0,58.0,6503.0,58.0,0.0,0.0,7.449026345933563,0.0,9.0,False,True,1183.0,109.0,56.0,9.0,21.125,2056.0,0.42461089494163423,0.5753891050583657
925106,21.0,15.0,566.0,14.0,0.0,0.0,26.952380952380953,0.0,7.0,False,False,0.0,,,,,21.0,1.0,0.0
925134,0.0,,,,0.0,,,,,,,44.0,2.0,1.0,1.0,44.0,44.0,0.0,1.0
925808,11.0,9.0,209.0,8.0,0.0,0.0,19.0,0.0,4.0,False,False,0.0,,,,,11.0,1.0,0.0
925826,157.0,37.0,1090.0,36.0,1.0,0.006369426751592357,6.942675159235669,0.0010799136069114472,8.0,False,True,510.0,73.0,38.0,8.0,13.421052631578947,667.0,0.2353823088455772,0.7646176911544228
925828,160.0,34.0,1000.0,34.0,0.0,0.0,6.25,0.0,8.0,False,True,429.0,66.0,35.0,8.0,12.257142857142858,589.0,0.27164685908319186,0.7283531409168081
925922,418.0,27.0,2812.0,19.0,10.0,0.023923444976076555,6.7272727272727275,0.01079913606911447,4.0,False,True,19603.0,46.0,24.0,4.0,816.7916666666666,20021.0,0.020878078018081014,0.9791219219819189
926184,36.0,15.0,387.0,12.0,0.0,0.0,10.75,0.0,8.0,False,True,31.0,12.0,8.0,7.0,3.875,67.0,0.5373134328358209,0.4626865671641791
926214,3.0,1.0,27.0,1.0,0.0,0.0,9.0,0.0,1.0,False,False,0.0,,,,,3.0,1.0,0.0
926312,10.0,9.0,135.0,9.0,0.0,0.0,13.5,0.0,6.0,False,False,130.0,43.0,23.0,8.0,5.6521739130434785,140.0,0.07142857142857142,0.9285714285714286
926486,14.0,11.0,118.0,11.0,0.0,0.0,8.428571428571429,0.0,6.0,False,False,2280.0,87.0,46.0,9.0,49.56521739130435,2294.0,0.006102877070619006,0.993897122929381
926490,11.0,9.0,246.0,8.0,1.0,0.09090909090909091,22.363636363636363,0.0010799136069114472,4.0,False,False,133.0,42.0,25.0,8.0,5.32,144.0,0.0763888888888889,0.9236111111111112
926872,24.0,13.0,19.0,12.0,3.0,0.125,0.7916666666666666,0.0032397408207343412,6.0,True,False,7.0,6.0,5.0,5.0,1.4,31.0,0.7741935483870968,0.22580645161290322
927070,32.0,20.0,1415.0,20.0,0.0,0.0,44.21875,0.0,7.0,False,True,0.0,,,,,32.0,1.0,0.0
927142,4.0,4.0,15.0,4.0,0.0,0.0,3.75,0.0,2.0,False,False,3.0,3.0,3.0,2.0,1.0,7.0,0.5714285714285714,0.42857142857142855
927908,5.0,3.0,13.0,3.0,0.0,0.0,2.6,0.0,2.0,False,False,0.0,,,,,5.0,1.0,0.0
927910,23.0,9.0,59.0,8.0,1.0,0.043478260869565216,2.5652173913043477,0.0010799136069114472,2.0,False,False,0.0,,,,,23.0,1.0,0.0
927912,17.0,8.0,46.0,7.0,1.0,0.058823529411764705,2.7058823529411766,0.0010799136069114472,2.0,False,False,0.0,,,,,17.0,1.0,0.0
927916,134.0,18.0,275.0,18.0,0.0,0.0,2.0522388059701493,0.0,4.0,False,True,426.0,42.0,21.0,4.0,20.285714285714285,560.0,0.2392857142857143,0.7607142857142857
928022,4.0,2.0,62.0,2.0,0.0,0.0,15.5,0.0,2.0,False,False,0.0,,,,,4.0,1.0,0.0
928092,5.0,3.0,236.0,3.0,0.0,0.0,47.2,0.0,3.0,False,False,0.0,,,,,5.0,1.0,0.0
928142,7.0,7.0,96.0,7.0,0.0,0.0,13.714285714285714,0.0,6.0,False,False,0.0,,,,,7.0,1.0,0.0
928202,25.0,14.0,371.0,14.0,0.0,0.0,14.84,0.0,5.0,False,False,0.0,,,,,25.0,1.0,0.0
928228,0.0,,,,0.0,,,,,,,47.0,4.0,2.0,1.0,23.5,47.0,0.0,1.0
928282,0.0,,,,0.0,,,,,,,2.0,2.0,2.0,2.0,1.0,2.0,0.0,1.0
928284,0.0,,,,0.0,,,,,,,2.0,1.0,1.0,1.0,2.0,2.0,0.0,1.0
928312,18.0,14.0,261.0,14.0,0.0,0.0,14.5,0.0,8.0,False,False,1851.0,83.0,38.0,8.0,48.71052631578947,1869.0,0.009630818619582664,0.9903691813804173
928382,9.0,7.0,27.0,7.0,1.0,0.1111111111111111,3.0,0.0010799136069114472,5.0,True,False,9.0,8.0,6.0,5.0,1.5,18.0,0.5,0.5
928404,5.0,3.0,77.0,3.0,0.0,0.0,15.4,0.0,2.0,False,False,0.0,,,,,5.0,1.0,0.0
928518,0.0,,,,0.0,,,,,,,312.0,6.0,3.0,2.0,104.0,312.0,0.0,1.0
928886,53.0,25.0,454.0,24.0,1.0,0.018867924528301886,8.566037735849056,0.0010799136069114472,8.0,False,True,681.0,69.0,34.0,8.0,20.029411764705884,734.0,0.07220708446866485,0.9277929155313351
928888,314.0,35.0,2524.0,34.0,1.0,0.0031847133757961785,8.038216560509554,0.0010799136069114472,8.0,False,True,553.0,72.0,35.0,8.0,15.8,867.0,0.3621683967704729,0.6378316032295271
928926,1.0,1.0,5.0,1.0,0.0,0.0,5.0,0.0,1.0,False,False,15.0,5.0,4.0,2.0,3.75,16.0,0.0625,0.9375
929228,1.0,1.0,24.0,1.0,0.0,0.0,24.0,0.0,1.0,False,False,87.0,32.0,21.0,7.0,4.142857142857143,88.0,0.011363636363636364,0.9886363636363636
929332,36.0,16.0,536.0,15.0,0.0,0.0,14.88888888888889,0.0,4.0,False,True,0.0,,,,,36.0,1.0,0.0
929340,8.0,6.0,349.0,6.0,0.0,0.0,43.625,0.0,5.0,False,False,0.0,,,,,8.0,1.0,0.0
929424,1266.0,49.0,1660.0,45.0,5.0,0.0039494470774091624,1.311216429699842,0.005399568034557235,8.0,False,True,3963.0,78.0,42.0,8.0,94.35714285714286,5229.0,0.24211130235226622,0.7578886976477338
929426,0.0,,,,0.0,,,,,,,11189.0,62.0,32.0,7.0,349.65625,11189.0,0.0,1.0
929428,0.0,,,,0.0,,,,,,,23754.0,65.0,33.0,8.0,719.8181818181819,23754.0,0.0,1.0
929542,0.0,,,,0.0,,,,,,,2.0,2.0,2.0,2.0,1.0,2.0,0.0,1.0
929544,0.0,,,,0.0,,,,,,,66.0,13.0,8.0,4.0,8.25,66.0,0.0,1.0
929622,12.0,8.0,162.0,8.0,0.0,0.0,13.5,0.0,5.0,False,False,4.0,3.0,3.0,2.0,1.3333333333333333,16.0,0.75,0.25
929626,35.0,18.0,438.0,18.0,0.0,0.0,12.514285714285714,0.0,7.0,False,True,20.0,12.0,10.0,6.0,2.0,55.0,0.6363636363636364,0.36363636363636365
929876,36.0,19.0,492.0,18.0,1.0,0.027777777777777776,13.666666666666666,0.0010799136069114472,8.0,False,True,78.0,42.0,25.0,8.0,3.12,114.0,0.3157894736842105,0.6842105263157895
929884,31.0,11.0,490.0,11.0,0.0,0.0,15.806451612903226,0.0,6.0,False,True,25.0,14.0,10.0,6.0,2.5,56.0,0.5535714285714286,0.44642857142857145
930020,85.0,29.0,703.0,24.0,5.0,0.058823529411764705,8.270588235294118,0.005399568034557235,8.0,False,True,555.0,70.0,34.0,8.0,16.323529411764707,640.0,0.1328125,0.8671875
930186,5.0,4.0,27.0,4.0,0.0,0.0,5.4,0.0,4.0,False,False,53.0,15.0,10.0,5.0,5.3,58.0,0.08620689655172414,0.9137931034482759
930242,4.0,4.0,69.0,4.0,1.0,0.25,17.25,0.0010799136069114472,2.0,True,False,0.0,,,,,4.0,1.0,0.0
930264,4.0,3.0,39.0,3.0,0.0,0.0,9.75,0.0,2.0,False,False,0.0,,,,,4.0,1.0,0.0
930326,10.0,8.0,117.0,8.0,0.0,0.0,11.7,0.0,5.0,False,False,1.0,1.0,1.0,1.0,1.0,11.0,0.9090909090909091,0.09090909090909091
930510,2.0,2.0,44.0,2.0,0.0,0.0,22.0,0.0,2.0,False,False,2.0,2.0,2.0,2.0,1.0,4.0,0.5,0.5
930524,0.0,,,,0.0,,,,,,,28.0,8.0,8.0,4.0,3.5,28.0,0.0,1.0
930582,1.0,1.0,16.0,1.0,0.0,0.0,16.0,0.0,1.0,False,False,0.0,,,,,1.0,1.0,0.0
930586,0.0,,,,0.0,,,,,,,224.0,51.0,28.0,8.0,8.0,224.0,0.0,1.0
930590,0.0,,,,0.0,,,,,,,62.0,26.0,15.0,6.0,4.133333333333334,62.0,0.0,1.0
930594,2.0,1.0,21.0,1.0,0.0,0.0,10.5,0.0,1.0,False,False,53.0,27.0,18.0,5.0,2.9444444444444446,55.0,0.03636363636363636,0.9636363636363636
930660,4.0,2.0,26.0,2.0,0.0,0.0,6.5,0.0,1.0,False,False,19.0,10.0,7.0,3.0,2.7142857142857144,23.0,0.17391304347826086,0.8260869565217391
930662,0.0,,,,0.0,,,,,,,23.0,11.0,10.0,6.0,2.3,23.0,0.0,1.0
930690,2.0,2.0,13.0,2.0,0.0,0.0,6.5,0.0,2.0,False,False,4.0,3.0,3.0,3.0,1.3333333333333333,6.0,0.3333333333333333,0.6666666666666666
930692,0.0,,,,0.0,,,,,,,6.0,1.0,1.0,1.0,6.0,6.0,0.0,1.0
930814,11.0,9.0,175.0,9.0,0.0,0.0,15.909090909090908,0.0,5.0,False,False,3.0,2.0,1.0,1.0,3.0,14.0,0.7857142857142857,0.21428571428571427
930816,4.0,4.0,51.0,4.0,0.0,0.0,12.75,0.0,2.0,False,False,1.0,1.0,1.0,1.0,1.0,5.0,0.8,0.2
930818,3.0,3.0,41.0,3.0,0.0,0.0,13.666666666666666,0.0,2.0,False,False,0.0,,,,,3.0,1.0,0.0
930820,5.0,5.0,71.0,5.0,0.0,0.0,14.2,0.0,4.0,False,False,1.0,1.0,1.0,1.0,1.0,6.0,0.8333333333333334,0.16666666666666666
930908,34.0,22.0,194.0,22.0,0.0,0.0,5.705882352941177,0.0,8.0,False,True,40.0,21.0,15.0,8.0,2.6666666666666665,74.0,0.4594594594594595,0.5405405405405406
930910,1.0,1.0,5.0,1.0,0.0,0.0,5.0,0.0,1.0,False,False,12.0,9.0,8.0,5.0,1.5,13.0,0.07692307692307693,0.9230769230769231
930912,0.0,,,,0.0,,,,,,,215.0,18.0,9.0,3.0,23.88888888888889,215.0,0.0,1.0
930914,0.0,,,,0.0,,,,,,,314.0,59.0,29.0,8.0,10.827586206896552,314.0,0.0,1.0
931458,2078.0,52.0,35462.0,39.0,12.0,0.005774783445620789,17.065447545717035,0.012958963282937365,8.0,False,True,2363.0,88.0,41.0,8.0,57.63414634146341,4441.0,0.4679126322900248,0.5320873677099752
931914,31.0,18.0,510.0,18.0,0.0,0.0,16.451612903225808,0.0,8.0,False,True,0.0,,,,,31.0,1.0,0.0
932050,0.0,,,,0.0,,,,,,,145.0,13.0,7.0,3.0,20.714285714285715,145.0,0.0,1.0
932088,0.0,,,,0.0,,,,,,,12.0,3.0,2.0,1.0,6.0,12.0,0.0,1.0
932246,0.0,,,,0.0,,,,,,,1.0,1.0,1.0,1.0,1.0,1.0,0.0,1.0
932292,6.0,4.0,88.0,4.0,0.0,0.0,14.666666666666666,0.0,3.0,False,False,97.0,28.0,17.0,6.0,5.705882352941177,103.0,0.05825242718446602,0.941747572815534
932304,2.0,2.0,40.0,2.0,0.0,0.0,20.0,0.0,2.0,False,False,44.0,17.0,13.0,5.0,3.3846153846153846,46.0,0.043478260869565216,0.9565217391304348
932460,25.0,15.0,418.0,14.0,1.0,0.04,16.72,0.0010799136069114472,7.0,False,False,0.0,,,,,25.0,1.0,0.0
932498,1.0,1.0,11.0,1.0,0.0,0.0,11.0,0.0,1.0,False,False,274.0,14.0,7.0,3.0,39.142857142857146,275.0,0.0036363636363636364,0.9963636363636363
932500,8.0,6.0,144.0,6.0,0.0,0.0,18.0,0.0,3.0,False,False,1167.0,44.0,23.0,7.0,50.73913043478261,1175.0,0.006808510638297872,0.9931914893617021
932502,4.0,4.0,63.0,4.0,0.0,0.0,15.75,0.0,4.0,False,False,755.0,30.0,15.0,5.0,50.333333333333336,759.0,0.005270092226613966,0.994729907773386
932672,7.0,3.0,10.0,3.0,0.0,0.0,1.4285714285714286,0.0,2.0,False,False,0.0,,,,,7.0,1.0,0.0
932676,0.0,,,,0.0,,,,,,,4.0,2.0,1.0,1.0,4.0,4.0,0.0,1.0
932750,12.0,5.0,115.0,5.0,0.0,0.0,9.583333333333334,0.0,3.0,False,False,17.0,8.0,6.0,4.0,2.8333333333333335,29.0,0.41379310344827586,0.5862068965517241
932754,2.0,2.0,11.0,2.0,0.0,0.0,5.5,0.0,2.0,False,False,3.0,3.0,3.0,3.0,1.0,5.0,0.4,0.6
932798,98.0,26.0,961.0,22.0,1.0,0.01020408163265306,9.806122448979592,0.0010799136069114472,8.0,False,True,10.0,8.0,7.0,4.0,1.4285714285714286,108.0,0.9074074074074074,0.09259259259259259
932836,21.0,11.0,270.0,11.0,0.0,0.0,12.857142857142858,0.0,5.0,False,False,305.0,83.0,36.0,8.0,8.472222222222221,326.0,0.06441717791411043,0.9355828220858896
932856,0.0,,,,0.0,,,,,,,4.0,2.0,2.0,2.0,2.0,4.0,0.0,1.0
933070,67.0,6.0,436.0,5.0,1.0,0.014925373134328358,6.507462686567164,0.0010799136069114472,2.0,False,True,782.0,10.0,5.0,2.0,156.4,849.0,0.07891637220259129,0.9210836277974087
933244,2.0,2.0,18.0,2.0,0.0,0.0,9.0,0.0,1.0,False,False,84.0,8.0,6.0,3.0,14.0,86.0,0.023255813953488372,0.9767441860465116
933452,0.0,,,,0.0,,,,,,,4.0,4.0,3.0,2.0,1.3333333333333333,4.0,0.0,1.0
933804,25.0,14.0,346.0,14.0,0.0,0.0,13.84,0.0,7.0,False,False,0.0,,,,,25.0,1.0,0.0
933806,0.0,,,,0.0,,,,,,,336.0,46.0,23.0,5.0,14.608695652173912,336.0,0.0,1.0
933810,0.0,,,,0.0,,,,,,,107.0,17.0,10.0,3.0,10.7,107.0,0.0,1.0
933832,23.0,16.0,590.0,16.0,0.0,0.0,25.652173913043477,0.0,8.0,False,False,0.0,,,,,23.0,1.0,0.0
933986,14.0,8.0,184.0,7.0,1.0,0.07142857142857142,13.142857142857142,0.0010799136069114472,4.0,False,False,10.0,6.0,4.0,4.0,2.5,24.0,0.5833333333333334,0.4166666666666667
933996,4.0,4.0,102.0,4.0,0.0,0.0,25.5,0.0,3.0,False,False,11.0,8.0,6.0,4.0,1.8333333333333333,15.0,0.26666666666666666,0.7333333333333333
934000,8.0,5.0,122.0,5.0,0.0,0.0,15.25,0.0,4.0,False,False,2.0,2.0,2.0,2.0,1.0,10.0,0.8,0.2
934074,37.0,19.0,534.0,19.0,1.0,0.02702702702702703,14.432432432432432,0.0010799136069114472,7.0,False,True,0.0,,,,,37.0,1.0,0.0
934076,11.0,7.0,311.0,6.0,1.0,0.09090909090909091,28.272727272727273,0.0010799136069114472,4.0,False,False,0.0,,,,,11.0,1.0,0.0
934098,6.0,5.0,159.0,4.0,2.0,0.3333333333333333,26.5,0.0021598272138228943,4.0,True,False,0.0,,,,,6.0,1.0,0.0
934170,8.0,5.0,82.0,5.0,0.0,0.0,10.25,0.0,5.0,False,False,0.0,,,,,8.0,1.0,0.0
934188,6.0,3.0,104.0,3.0,0.0,0.0,17.333333333333332,0.0,3.0,False,False,2.0,2.0,1.0,1.0,2.0,8.0,0.75,0.25
934424,6.0,5.0,164.0,5.0,0.0,0.0,27.333333333333332,0.0,3.0,False,False,0.0,,,,,6.0,1.0,0.0
934426,0.0,,,,0.0,,,,,,,222.0,5.0,3.0,2.0,74.0,222.0,0.0,1.0
934428,36.0,21.0,850.0,21.0,0.0,0.0,23.61111111111111,0.0,7.0,False,True,0.0,,,,,36.0,1.0,0.0
934430,28.0,22.0,774.0,22.0,1.0,0.03571428571428571,27.642857142857142,0.0010799136069114472,8.0,False,False,0.0,,,,,28.0,1.0,0.0
934432,8.0,6.0,287.0,6.0,0.0,0.0,35.875,0.0,4.0,False,False,0.0,,,,,8.0,1.0,0.0
934476,1.0,1.0,13.0,1.0,0.0,0.0,13.0,0.0,1.0,False,False,10.0,2.0,1.0,1.0,10.0,11.0,0.09090909090909091,0.9090909090909091
934534,127.0,38.0,2350.0,36.0,2.0,0.015748031496062992,18.503937007874015,0.0021598272138228943,7.0,False,True,0.0,,,,,127.0,1.0,0.0
934608,9.0,7.0,120.0,7.0,0.0,0.0,13.333333333333334,0.0,3.0,False,False,0.0,,,,,9.0,1.0,0.0
935216,2.0,2.0,10.0,2.0,0.0,0.0,5.0,0.0,2.0,False,False,33.0,17.0,12.0,5.0,2.75,35.0,0.05714285714285714,0.9428571428571428
935244,2.0,1.0,38.0,1.0,0.0,0.0,19.0,0.0,1.0,False,False,27.0,7.0,4.0,1.0,6.75,29.0,0.06896551724137931,0.9310344827586207
935246,0.0,,,,0.0,,,,,,,4.0,3.0,3.0,2.0,1.3333333333333333,4.0,0.0,1.0
935264,4.0,2.0,28.0,2.0,0.0,0.0,7.0,0.0,1.0,False,False,55.0,6.0,3.0,1.0,18.333333333333332,59.0,0.06779661016949153,0.9322033898305084
935268,5.0,4.0,48.0,4.0,0.0,0.0,9.6,0.0,3.0,False,False,0.0,,,,,5.0,1.0,0.0
935348,147.0,22.0,1136.0,20.0,1.0,0.006802721088435374,7.727891156462585,0.0010799136069114472,5.0,False,True,169.0,60.0,33.0,7.0,5.121212121212121,316.0,0.4651898734177215,0.5348101265822784
935394,1.0,1.0,7.0,1.0,0.0,0.0,7.0,0.0,1.0,False,False,0.0,,,,,1.0,1.0,0.0
935548,19.0,12.0,207.0,12.0,0.0,0.0,10.894736842105264,0.0,6.0,False,False,3.0,3.0,3.0,2.0,1.0,22.0,0.8636363636363636,0.13636363636363635
935870,8.0,7.0,103.0,7.0,0.0,0.0,12.875,0.0,6.0,False,False,0.0,,,,,8.0,1.0,0.0
935956,2.0,2.0,105.0,2.0,0.0,0.0,52.5,0.0,2.0,False,False,1.0,1.0,1.0,1.0,1.0,3.0,0.6666666666666666,0.3333333333333333
935958,35.0,20.0,779.0,19.0,1.0,0.02857142857142857,22.257142857142856,0.0010799136069114472,7.0,False,True,0.0,,,,,35.0,1.0,0.0
936110,156.0,41.0,2448.0,40.0,0.0,0.0,15.692307692307692,0.0,7.0,False,True,0.0,,,,,156.0,1.0,0.0
936296,0.0,,,,0.0,,,,,,,4.0,3.0,2.0,2.0,2.0,4.0,0.0,1.0
936324,28.0,12.0,392.0,12.0,0.0,0.0,14.0,0.0,6.0,False,False,95.0,22.0,13.0,5.0,7.3076923076923075,123.0,0.22764227642276422,0.7723577235772358
936382,1.0,1.0,39.0,1.0,0.0,0.0,39.0,0.0,1.0,False,False,390.0,37.0,18.0,5.0,21.666666666666668,391.0,0.0025575447570332483,0.9974424552429667
936514,81.0,34.0,1530.0,30.0,1.0,0.012345679012345678,18.88888888888889,0.0010799136069114472,7.0,False,True,0.0,,,,,81.0,1.0,0.0
936984,70.0,32.0,968.0,32.0,0.0,0.0,13.82857142857143,0.0,7.0,False,True,0.0,,,,,70.0,1.0,0.0
937156,0.0,,,,0.0,,,,,,,65.0,19.0,12.0,5.0,5.416666666666667,65.0,0.0,1.0
937352,0.0,,,,0.0,,,,,,,31.0,12.0,11.0,5.0,2.8181818181818183,31.0,0.0,1.0
937362,5.0,2.0,253.0,2.0,0.0,0.0,50.6,0.0,1.0,False,False,5.0,3.0,2.0,2.0,2.5,10.0,0.5,0.5
937366,3.0,2.0,161.0,2.0,0.0,0.0,53.666666666666664,0.0,1.0,False,False,2.0,2.0,2.0,2.0,1.0,5.0,0.6,0.4
937368,22.0,13.0,531.0,11.0,4.0,0.18181818181818182,24.136363636363637,0.004319654427645789,4.0,True,False,10.0,4.0,4.0,2.0,2.5,32.0,0.6875,0.3125
937370,1.0,1.0,7.0,1.0,0.0,0.0,7.0,0.0,1.0,False,False,5.0,3.0,2.0,2.0,2.5,6.0,0.16666666666666666,0.8333333333333334
937372,0.0,,,,0.0,,,,,,,1171.0,23.0,11.0,3.0,106.45454545454545,1171.0,0.0,1.0
937374,25.0,16.0,895.0,16.0,0.0,0.0,35.8,0.0,5.0,False,False,0.0,,,,,25.0,1.0,0.0
937422,0.0,,,,0.0,,,,,,,36.0,13.0,6.0,5.0,6.0,36.0,0.0,1.0
937428,0.0,,,,0.0,,,,,,,8.0,4.0,4.0,3.0,2.0,8.0,0.0,1.0
937430,0.0,,,,0.0,,,,,,,33.0,10.0,6.0,4.0,5.5,33.0,0.0,1.0
937432,3.0,3.0,36.0,3.0,1.0,0.3333333333333333,12.0,0.0010799136069114472,3.0,True,False,19.0,5.0,4.0,2.0,4.75,22.0,0.13636363636363635,0.8636363636363636
937604,7.0,5.0,80.0,5.0,0.0,0.0,11.428571428571429,0.0,2.0,False,False,52.0,31.0,21.0,7.0,2.4761904761904763,59.0,0.11864406779661017,0.8813559322033898
937650,0.0,,,,0.0,,,,,,,91.0,6.0,5.0,3.0,18.2,91.0,0.0,1.0
937678,16.0,12.0,190.0,12.0,0.0,0.0,11.875,0.0,7.0,False,False,159.0,51.0,28.0,7.0,5.678571428571429,175.0,0.09142857142857143,0.9085714285714286
937708,190.0,32.0,2502.0,31.0,0.0,0.0,13.16842105263158,0.0,7.0,False,True,648.0,60.0,30.0,7.0,21.6,838.0,0.22673031026252982,0.7732696897374701
937710,0.0,,,,0.0,,,,,,,1.0,1.0,1.0,1.0,1.0,1.0,0.0,1.0
937716,0.0,,,,0.0,,,,,,,1.0,1.0,1.0,1.0,1.0,1.0,0.0,1.0
937720,0.0,,,,0.0,,,,,,,1.0,1.0,1.0,1.0,1.0,1.0,0.0,1.0
937732,116.0,34.0,2046.0,30.0,2.0,0.017241379310344827,17.637931034482758,0.0021598272138228943,7.0,False,True,191.0,49.0,28.0,7.0,6.821428571428571,307.0,0.3778501628664495,0.6221498371335505
937736,284.0,34.0,3724.0,29.0,2.0,0.007042253521126761,13.112676056338028,0.0021598272138228943,7.0,False,True,1153.0,57.0,28.0,6.0,41.17857142857143,1437.0,0.19763395963813501,0.802366040361865
937742,16.0,11.0,260.0,11.0,0.0,0.0,16.25,0.0,5.0,False,False,3.0,3.0,3.0,2.0,1.0,19.0,0.8421052631578947,0.15789473684210525
937750,57.0,14.0,742.0,13.0,1.0,0.017543859649122806,13.017543859649123,0.0010799136069114472,7.0,False,True,46.0,17.0,9.0,4.0,5.111111111111111,103.0,0.5533980582524272,0.44660194174757284
937752,412.0,38.0,4498.0,34.0,0.0,0.0,10.91747572815534,0.0,7.0,False,True,1616.0,60.0,29.0,7.0,55.724137931034484,2028.0,0.20315581854043394,0.796844181459566
937760,292.0,35.0,3411.0,30.0,1.0,0.003424657534246575,11.681506849315069,0.0010799136069114472,7.0,False,True,727.0,60.0,30.0,7.0,24.233333333333334,1019.0,0.28655544651619236,0.7134445534838076
937762,96.0,33.0,1280.0,28.0,1.0,0.010416666666666666,13.333333333333334,0.0010799136069114472,6.0,False,True,196.0,59.0,32.0,7.0,6.125,292.0,0.3287671232876712,0.6712328767123288
937770,0.0,,,,0.0,,,,,,,1.0,1.0,1.0,1.0,1.0,1.0,0.0,1.0
937772,0.0,,,,0.0,,,,,,,1.0,1.0,1.0,1.0,1.0,1.0,0.0,1.0
937774,140.0,12.0,959.0,12.0,0.0,0.0,6.85,0.0,3.0,False,True,138.0,18.0,10.0,4.0,13.8,278.0,0.5035971223021583,0.49640287769784175
937778,0.0,,,,0.0,,,,,,,1.0,1.0,1.0,1.0,1.0,1.0,0.0,1.0
937780,160.0,36.0,1767.0,29.0,2.0,0.0125,11.04375,0.0021598272138228943,7.0,False,True,783.0,59.0,27.0,7.0,29.0,943.0,0.16967126193001061,0.8303287380699894
937782,25.0,16.0,334.0,16.0,0.0,0.0,13.36,0.0,7.0,False,False,26.0,22.0,16.0,5.0,1.625,51.0,0.49019607843137253,0.5098039215686274
937786,3.0,2.0,27.0,2.0,0.0,0.0,9.0,0.0,1.0,False,False,12.0,5.0,3.0,1.0,4.0,15.0,0.2,0.8
937788,125.0,27.0,1407.0,27.0,0.0,0.0,11.256,0.0,7.0,False,True,472.0,54.0,27.0,7.0,17.48148148148148,597.0,0.20938023450586266,0.7906197654941374
937808,127.0,30.0,1371.0,28.0,1.0,0.007874015748031496,10.795275590551181,0.0010799136069114472,7.0,False,True,811.0,57.0,28.0,7.0,28.964285714285715,938.0,0.13539445628997868,0.8646055437100213
937810,80.0,31.0,715.0,28.0,0.0,0.0,8.9375,0.0,6.0,False,True,274.0,57.0,27.0,6.0,10.148148148148149,354.0,0.22598870056497175,0.7740112994350282
937812,166.0,30.0,2258.0,28.0,1.0,0.006024096385542169,13.602409638554217,0.0010799136069114472,7.0,False,True,187.0,50.0,28.0,7.0,6.678571428571429,353.0,0.4702549575070821,0.5297450424929179
937854,164.0,31.0,1506.0,29.0,0.0,0.0,9.182926829268293,0.0,7.0,False,True,553.0,66.0,31.0,7.0,17.838709677419356,717.0,0.22873082287308227,0.7712691771269177
937856,11.0,7.0,120.0,7.0,0.0,0.0,10.909090909090908,0.0,4.0,False,False,28.0,19.0,13.0,6.0,2.1538461538461537,39.0,0.28205128205128205,0.717948717948718
937860,224.0,36.0,1944.0,30.0,5.0,0.022321428571428572,8.678571428571429,0.005399568034557235,7.0,False,True,1424.0,45.0,23.0,6.0,61.91304347826087,1648.0,0.13592233009708737,0.8640776699029126
937862,122.0,29.0,1419.0,28.0,0.0,0.0,11.631147540983607,0.0,7.0,False,True,353.0,56.0,28.0,7.0,12.607142857142858,475.0,0.25684210526315787,0.7431578947368421
937864,48.0,18.0,495.0,15.0,1.0,0.020833333333333332,10.3125,0.0010799136069114472,7.0,False,True,49.0,9.0,5.0,2.0,9.8,97.0,0.4948453608247423,0.5051546391752577
937868,63.0,23.0,693.0,22.0,1.0,0.015873015873015872,11.0,0.0010799136069114472,7.0,False,True,250.0,51.0,27.0,6.0,9.25925925925926,313.0,0.2012779552715655,0.7987220447284346
937870,0.0,,,,0.0,,,,,,,13.0,4.0,3.0,2.0,4.333333333333333,13.0,0.0,1.0
937872,0.0,,,,0.0,,,,,,,1.0,1.0,1.0,1.0,1.0,1.0,0.0,1.0
937874,19.0,6.0,172.0,5.0,1.0,0.05263157894736842,9.052631578947368,0.0010799136069114472,2.0,False,False,131.0,10.0,5.0,2.0,26.2,150.0,0.12666666666666668,0.8733333333333333
937880,7.0,5.0,65.0,4.0,0.0,0.0,9.285714285714286,0.0,1.0,False,False,0.0,,,,,7.0,1.0,0.0
937888,193.0,35.0,1588.0,32.0,0.0,0.0,8.2279792746114,0.0,7.0,False,True,972.0,61.0,31.0,7.0,31.35483870967742,1165.0,0.16566523605150216,0.8343347639484978
937898,9.0,2.0,68.0,1.0,2.0,0.2222222222222222,7.555555555555555,0.0021598272138228943,1.0,True,False,32.0,3.0,1.0,1.0,32.0,41.0,0.21951219512195122,0.7804878048780488
937900,0.0,,,,0.0,,,,,,,4.0,2.0,1.0,1.0,4.0,4.0,0.0,1.0
937902,247.0,30.0,2921.0,28.0,1.0,0.004048582995951417,11.82591093117409,0.0010799136069114472,7.0,False,True,899.0,61.0,31.0,7.0,29.0,1146.0,0.21553228621291448,0.7844677137870855
937956,773.0,59.0,1029.0,44.0,24.0,0.031047865459249677,1.3311772315653299,0.02591792656587473,7.0,False,True,1.0,1.0,1.0,1.0,1.0,774.0,0.9987080103359173,0.0012919896640826874
937958,292.0,53.0,2058.0,43.0,8.0,0.0273972602739726,7.0479452054794525,0.008639308855291577,7.0,False,True,0.0,,,,,292.0,1.0,0.0
937960,204.0,47.0,2254.0,41.0,2.0,0.00980392156862745,11.049019607843137,0.0021598272138228943,7.0,False,True,0.0,,,,,204.0,1.0,0.0
937962,106.0,37.0,1832.0,30.0,3.0,0.02830188679245283,17.28301886792453,0.0032397408207343412,7.0,False,True,0.0,,,,,106.0,1.0,0.0
937966,243.0,32.0,2046.0,28.0,2.0,0.00823045267489712,8.419753086419753,0.0021598272138228943,7.0,False,True,819.0,60.0,30.0,7.0,27.3,1062.0,0.2288135593220339,0.7711864406779662
937980,82.0,20.0,856.0,17.0,0.0,0.0,10.439024390243903,0.0,5.0,False,True,145.0,30.0,15.0,5.0,9.666666666666666,227.0,0.36123348017621143,0.6387665198237885
937984,24.0,9.0,228.0,8.0,0.0,0.0,9.5,0.0,3.0,False,False,39.0,17.0,11.0,5.0,3.5454545454545454,63.0,0.38095238095238093,0.6190476190476191
937988,72.0,25.0,770.0,24.0,0.0,0.0,10.694444444444445,0.0,6.0,False,True,274.0,42.0,23.0,6.0,11.91304347826087,346.0,0.20809248554913296,0.791907514450867
938022,14.0,5.0,151.0,5.0,0.0,0.0,10.785714285714286,0.0,2.0,False,False,265.0,11.0,5.0,2.0,53.0,279.0,0.05017921146953405,0.9498207885304659
938070,0.0,,,,0.0,,,,,,,671.0,8.0,4.0,1.0,167.75,671.0,0.0,1.0
938072,0.0,,,,0.0,,,,,,,472.0,8.0,4.0,2.0,118.0,472.0,0.0,1.0
938074,0.0,,,,0.0,,,,,,,611.0,10.0,5.0,2.0,122.2,611.0,0.0,1.0
938078,0.0,,,,0.0,,,,,,,750.0,11.0,5.0,2.0,150.0,750.0,0.0,1.0
938080,0.0,,,,0.0,,,,,,,660.0,8.0,4.0,2.0,165.0,660.0,0.0,1.0
938414,93.0,9.0,2147.0,7.0,2.0,0.021505376344086023,23.086021505376344,0.0021598272138228943,2.0,False,True,46.0,19.0,12.0,5.0,3.8333333333333335,139.0,0.6690647482014388,0.33093525179856115
938432,9.0,6.0,184.0,6.0,0.0,0.0,20.444444444444443,0.0,4.0,False,False,0.0,,,,,9.0,1.0,0.0
938612,64.0,17.0,342.0,17.0,0.0,0.0,5.34375,0.0,4.0,False,True,125.0,20.0,14.0,4.0,8.928571428571429,189.0,0.3386243386243386,0.6613756613756614
938614,33.0,13.0,205.0,12.0,1.0,0.030303030303030304,6.212121212121212,0.0010799136069114472,5.0,False,True,29.0,10.0,6.0,2.0,4.833333333333333,62.0,0.532258064516129,0.46774193548387094
938842,0.0,,,,0.0,,,,,,,90.0,12.0,6.0,3.0,15.0,90.0,0.0,1.0
938896,1058.0,47.0,8182.0,42.0,5.0,0.004725897920604915,7.733459357277883,0.005399568034557235,7.0,False,True,2272.0,91.0,43.0,7.0,52.83720930232558,3330.0,0.31771771771771773,0.6822822822822823
939212,8.0,7.0,149.0,7.0,0.0,0.0,18.625,0.0,4.0,False,False,9.0,7.0,5.0,3.0,1.8,17.0,0.47058823529411764,0.5294117647058824
939218,11.0,9.0,87.0,9.0,0.0,0.0,7.909090909090909,0.0,5.0,False,False,359.0,49.0,26.0,6.0,13.807692307692308,370.0,0.02972972972972973,0.9702702702702702
939222,34.0,21.0,412.0,21.0,0.0,0.0,12.117647058823529,0.0,7.0,False,True,873.0,60.0,30.0,7.0,29.1,907.0,0.037486218302094816,0.9625137816979051
939224,32.0,15.0,515.0,15.0,1.0,0.03125,16.09375,0.0010799136069114472,7.0,False,True,1341.0,56.0,29.0,7.0,46.241379310344826,1373.0,0.023306627822286964,0.976693372177713
939236,0.0,,,,0.0,,,,,,,5.0,3.0,3.0,2.0,1.6666666666666667,5.0,0.0,1.0
939370,482.0,44.0,9133.0,40.0,4.0,0.008298755186721992,18.948132780082986,0.004319654427645789,7.0,False,True,491.0,28.0,14.0,5.0,35.07142857142857,973.0,0.49537512846865367,0.5046248715313464
939376,261.0,30.0,3707.0,29.0,1.0,0.0038314176245210726,14.203065134099617,0.0010799136069114472,7.0,False,True,1075.0,63.0,33.0,7.0,32.57575757575758,1336.0,0.19535928143712575,0.8046407185628742
939470,19.0,7.0,257.0,7.0,0.0,0.0,13.526315789473685,0.0,4.0,False,False,729.0,23.0,13.0,4.0,56.07692307692308,748.0,0.02540106951871658,0.9745989304812834
939474,187.0,20.0,2717.0,20.0,0.0,0.0,14.529411764705882,0.0,6.0,False,True,561.0,42.0,23.0,7.0,24.391304347826086,748.0,0.25,0.75
939476,40.0,7.0,371.0,6.0,1.0,0.025,9.275,0.0010799136069114472,2.0,False,True,716.0,28.0,16.0,5.0,44.75,756.0,0.05291005291005291,0.9470899470899471
939478,19.0,12.0,537.0,11.0,1.0,0.05263157894736842,28.263157894736842,0.0010799136069114472,5.0,False,False,105.0,31.0,18.0,5.0,5.833333333333333,124.0,0.1532258064516129,0.8467741935483871
939684,17.0,10.0,220.0,10.0,0.0,0.0,12.941176470588236,0.0,5.0,False,False,131.0,30.0,14.0,6.0,9.357142857142858,148.0,0.11486486486486487,0.8851351351351351
939698,2.0,2.0,26.0,2.0,0.0,0.0,13.0,0.0,2.0,False,False,1.0,1.0,1.0,1.0,1.0,3.0,0.6666666666666666,0.3333333333333333
939706,519.0,33.0,4780.0,29.0,4.0,0.007707129094412331,9.210019267822736,0.004319654427645789,7.0,False,True,1023.0,35.0,17.0,5.0,60.1764705882353,1542.0,0.33657587548638135,0.6634241245136187
939708,10.0,7.0,124.0,6.0,1.0,0.1,12.4,0.0010799136069114472,4.0,False,False,36.0,2.0,1.0,1.0,36.0,46.0,0.21739130434782608,0.782608695652174
939716,8.0,2.0,40.0,2.0,0.0,0.0,5.0,0.0,1.0,False,False,16.0,10.0,6.0,5.0,2.6666666666666665,24.0,0.3333333333333333,0.6666666666666666
939718,0.0,,,,0.0,,,,,,,10.0,4.0,4.0,2.0,2.5,10.0,0.0,1.0
939736,0.0,,,,0.0,,,,,,,19.0,8.0,6.0,3.0,3.1666666666666665,19.0,0.0,1.0
939738,0.0,,,,0.0,,,,,,,634.0,60.0,30.0,7.0,21.133333333333333,634.0,0.0,1.0
939762,808.0,41.0,13725.0,38.0,0.0,0.0,16.986386138613863,0.0,6.0,False,True,1878.0,88.0,42.0,7.0,44.714285714285715,2686.0,0.30081906180193596,0.699180938198064
939886,0.0,,,,0.0,,,,,,,281.0,45.0,22.0,7.0,12.772727272727273,281.0,0.0,1.0
940430,64.0,25.0,61.0,23.0,1.0,0.015625,0.953125,0.0010799136069114472,7.0,False,True,27.0,2.0,1.0,1.0,27.0,91.0,0.7032967032967034,0.2967032967032967
940432,139.0,17.0,1028.0,17.0,0.0,0.0,7.39568345323741,0.0,6.0,False,True,166.0,27.0,16.0,6.0,10.375,305.0,0.4557377049180328,0.5442622950819672
940434,126.0,21.0,623.0,21.0,0.0,0.0,4.944444444444445,0.0,6.0,False,True,133.0,41.0,26.0,6.0,5.115384615384615,259.0,0.4864864864864865,0.5135135135135135
940436,30.0,9.0,325.0,9.0,0.0,0.0,10.833333333333334,0.0,3.0,False,True,6.0,5.0,4.0,2.0,1.5,36.0,0.8333333333333334,0.16666666666666666
940438,62.0,22.0,338.0,22.0,0.0,0.0,5.451612903225806,0.0,6.0,False,True,374.0,50.0,27.0,6.0,13.851851851851851,436.0,0.14220183486238533,0.8577981651376146
940440,46.0,16.0,519.0,16.0,0.0,0.0,11.282608695652174,0.0,4.0,False,True,14.0,8.0,7.0,4.0,2.0,60.0,0.7666666666666667,0.23333333333333334
940442,196.0,27.0,134.0,25.0,3.0,0.015306122448979591,0.6836734693877551,0.0032397408207343412,6.0,False,True,297.0,45.0,25.0,7.0,11.88,493.0,0.3975659229208925,0.6024340770791075
940456,26.0,15.0,214.0,14.0,0.0,0.0,8.23076923076923,0.0,5.0,False,False,32.0,21.0,18.0,6.0,1.7777777777777777,58.0,0.4482758620689655,0.5517241379310345
940458,23.0,19.0,717.0,17.0,0.0,0.0,31.17391304347826,0.0,7.0,False,False,66.0,24.0,19.0,7.0,3.473684210526316,89.0,0.25842696629213485,0.7415730337078652
940460,0.0,,,,0.0,,,,,,,82.0,29.0,19.0,7.0,4.315789473684211,82.0,0.0,1.0
940474,0.0,,,,0.0,,,,,,,26.0,15.0,12.0,6.0,2.1666666666666665,26.0,0.0,1.0
940486,0.0,,,,0.0,,,,,,,23.0,6.0,3.0,2.0,7.666666666666667,23.0,0.0,1.0
940508,2.0,2.0,83.0,1.0,0.0,0.0,41.5,0.0,1.0,False,False,0.0,,,,,2.0,1.0,0.0
940512,1.0,1.0,19.0,1.0,0.0,0.0,19.0,0.0,1.0,False,False,0.0,,,,,1.0,1.0,0.0
940514,1.0,1.0,11.0,1.0,0.0,0.0,11.0,0.0,1.0,False,False,0.0,,,,,1.0,1.0,0.0
940568,3.0,2.0,18.0,2.0,0.0,0.0,6.0,0.0,1.0,False,False,7.0,4.0,3.0,3.0,2.3333333333333335,10.0,0.3,0.7
940588,2127.0,52.0,6616.0,29.0,30.0,0.014104372355430184,3.1104842501175365,0.032397408207343416,6.0,False,True,67.0,16.0,8.0,5.0,8.375,2194.0,0.9694621695533272,0.030537830446672742
940596,1.0,1.0,4.0,1.0,0.0,0.0,4.0,0.0,1.0,False,False,406.0,14.0,5.0,2.0,81.2,407.0,0.002457002457002457,0.9975429975429976
940610,1.0,1.0,4.0,1.0,0.0,0.0,4.0,0.0,1.0,False,False,1.0,1.0,1.0,1.0,1.0,2.0,0.5,0.5
940614,145.0,11.0,471.0,7.0,3.0,0.020689655172413793,3.2482758620689656,0.0032397408207343412,4.0,False,True,426.0,17.0,9.0,4.0,47.333333333333336,571.0,0.2539404553415061,0.7460595446584939
940616,578.0,31.0,3198.0,25.0,6.0,0.010380622837370242,5.532871972318339,0.0064794816414686825,7.0,False,True,2393.0,47.0,23.0,7.0,104.04347826086956,2971.0,0.1945472904745877,0.8054527095254124
940622,677.0,28.0,3059.0,15.0,16.0,0.023633677991137372,4.518463810930576,0.017278617710583154,4.0,False,True,718.0,31.0,15.0,4.0,47.86666666666667,1395.0,0.4853046594982079,0.5146953405017921
940624,572.0,34.0,3242.0,26.0,6.0,0.01048951048951049,5.6678321678321675,0.0064794816414686825,6.0,False,True,1166.0,45.0,22.0,6.0,53.0,1738.0,0.3291139240506329,0.6708860759493671
940630,1985.0,49.0,8132.0,29.0,17.0,0.008564231738035265,4.096725440806045,0.0183585313174946,6.0,False,True,127.0,12.0,7.0,6.0,18.142857142857142,2112.0,0.9398674242424242,0.06013257575757576
940634,432.0,30.0,3346.0,22.0,6.0,0.013888888888888888,7.74537037037037,0.0064794816414686825,6.0,False,True,1623.0,37.0,18.0,6.0,90.16666666666667,2055.0,0.21021897810218979,0.7897810218978102
940652,414.0,28.0,1717.0,20.0,9.0,0.021739130434782608,4.147342995169082,0.009719222462203024,4.0,False,True,860.0,27.0,12.0,4.0,71.66666666666667,1274.0,0.3249607535321821,0.6750392464678179
940658,862.0,37.0,4181.0,25.0,10.0,0.01160092807424594,4.8503480278422275,0.01079913606911447,6.0,False,True,1726.0,47.0,21.0,5.0,82.19047619047619,2588.0,0.3330757341576507,0.6669242658423493
940772,2.0,1.0,9.0,1.0,0.0,0.0,4.5,0.0,1.0,False,False,0.0,,,,,2.0,1.0,0.0
940782,0.0,,,,0.0,,,,,,,8.0,4.0,2.0,2.0,4.0,8.0,0.0,1.0
940788,0.0,,,,0.0,,,,,,,11.0,7.0,6.0,4.0,1.8333333333333333,11.0,0.0,1.0
940802,0.0,,,,0.0,,,,,,,5.0,4.0,2.0,1.0,2.5,5.0,0.0,1.0
940814,0.0,,,,0.0,,,,,,,2.0,2.0,1.0,1.0,2.0,2.0,0.0,1.0
940828,1.0,1.0,2.0,1.0,0.0,0.0,2.0,0.0,1.0,False,False,7.0,3.0,2.0,2.0,3.5,8.0,0.125,0.875
940842,0.0,,,,0.0,,,,,,,2.0,2.0,2.0,2.0,1.0,2.0,0.0,1.0
940848,0.0,,,,0.0,,,,,,,2.0,2.0,1.0,1.0,2.0,2.0,0.0,1.0
940952,141.0,13.0,1814.0,13.0,0.0,0.0,12.865248226950355,0.0,4.0,False,True,110.0,19.0,13.0,4.0,8.461538461538462,251.0,0.5617529880478087,0.43824701195219123
940968,18.0,13.0,313.0,13.0,0.0,0.0,17.38888888888889,0.0,7.0,False,False,0.0,,,,,18.0,1.0,0.0
941192,0.0,,,,0.0,,,,,,,1139.0,52.0,26.0,5.0,43.80769230769231,1139.0,0.0,1.0
941384,48.0,24.0,555.0,24.0,0.0,0.0,11.5625,0.0,6.0,False,True,655.0,62.0,31.0,6.0,21.129032258064516,703.0,0.06827880512091039,0.9317211948790897
941390,1.0,1.0,5.0,1.0,0.0,0.0,5.0,0.0,1.0,False,False,369.0,6.0,3.0,1.0,123.0,370.0,0.002702702702702703,0.9972972972972973
941628,1.0,1.0,19.0,1.0,0.0,0.0,19.0,0.0,1.0,False,False,147.0,10.0,5.0,2.0,29.4,148.0,0.006756756756756757,0.9932432432432432
941736,0.0,,,,0.0,,,,,,,10.0,4.0,3.0,3.0,3.3333333333333335,10.0,0.0,1.0
941740,0.0,,,,0.0,,,,,,,8.0,6.0,3.0,2.0,2.6666666666666665,8.0,0.0,1.0
941786,3.0,1.0,39.0,1.0,0.0,0.0,13.0,0.0,1.0,False,False,0.0,,,,,3.0,1.0,0.0
941810,0.0,,,,0.0,,,,,,,4.0,3.0,2.0,1.0,2.0,4.0,0.0,1.0
941816,0.0,,,,0.0,,,,,,,1.0,1.0,1.0,1.0,1.0,1.0,0.0,1.0
941826,0.0,,,,0.0,,,,,,,1.0,1.0,1.0,1.0,1.0,1.0,0.0,1.0
941838,0.0,,,,0.0,,,,,,,9.0,4.0,3.0,2.0,3.0,9.0,0.0,1.0
941842,0.0,,,,0.0,,,,,,,3.0,3.0,3.0,2.0,1.0,3.0,0.0,1.0
941844,7.0,4.0,117.0,4.0,1.0,0.14285714285714285,16.714285714285715,0.0010799136069114472,3.0,True,False,11.0,6.0,5.0,2.0,2.2,18.0,0.3888888888888889,0.6111111111111112
942174,0.0,,,,0.0,,,,,,,6.0,3.0,2.0,1.0,3.0,6.0,0.0,1.0
942214,2.0,2.0,21.0,2.0,0.0,0.0,10.5,0.0,1.0,False,False,0.0,,,,,2.0,1.0,0.0
943050,0.0,,,,0.0,,,,,,,73.0,2.0,1.0,1.0,73.0,73.0,0.0,1.0
943066,89.0,16.0,1181.0,16.0,0.0,0.0,13.269662921348315,0.0,4.0,False,True,171.0,42.0,27.0,6.0,6.333333333333333,260.0,0.3423076923076923,0.6576923076923077
943818,1.0,1.0,5.0,1.0,0.0,0.0,5.0,0.0,1.0,False,False,22.0,5.0,2.0,1.0,11.0,23.0,0.043478260869565216,0.9565217391304348
944210,114.0,19.0,4175.0,19.0,0.0,0.0,36.62280701754386,0.0,5.0,False,True,46.0,15.0,9.0,3.0,5.111111111111111,160.0,0.7125,0.2875
944216,235.0,52.0,8368.0,36.0,24.0,0.10212765957446808,35.60851063829787,0.02591792656587473,6.0,True,True,133.0,37.0,28.0,6.0,4.75,368.0,0.6385869565217391,0.36141304347826086
944218,245.0,48.0,8996.0,37.0,15.0,0.061224489795918366,36.71836734693878,0.016198704103671708,6.0,False,True,164.0,42.0,28.0,5.0,5.857142857142857,409.0,0.5990220048899756,0.40097799511002447
944220,265.0,51.0,9558.0,37.0,18.0,0.06792452830188679,36.06792452830189,0.019438444924406047,6.0,False,True,221.0,55.0,35.0,6.0,6.314285714285714,486.0,0.5452674897119342,0.4547325102880658
944222,185.0,45.0,6267.0,33.0,17.0,0.0918918918918919,33.87567567567567,0.0183585313174946,6.0,False,True,344.0,51.0,30.0,6.0,11.466666666666667,529.0,0.3497164461247637,0.6502835538752363
944226,180.0,50.0,7679.0,36.0,30.0,0.16666666666666666,42.66111111111111,0.032397408207343416,6.0,True,True,109.0,38.0,25.0,6.0,4.36,289.0,0.6228373702422145,0.3771626297577855
944228,29.0,10.0,1413.0,10.0,0.0,0.0,48.724137931034484,0.0,3.0,False,False,5.0,3.0,2.0,1.0,2.5,34.0,0.8529411764705882,0.14705882352941177
944246,9.0,5.0,333.0,5.0,0.0,0.0,37.0,0.0,3.0,False,False,1.0,1.0,1.0,1.0,1.0,10.0,0.9,0.1
944310,3.0,2.0,15.0,2.0,0.0,0.0,5.0,0.0,1.0,False,False,0.0,,,,,3.0,1.0,0.0
944474,6.0,2.0,150.0,2.0,0.0,0.0,25.0,0.0,2.0,False,False,12.0,5.0,3.0,2.0,4.0,18.0,0.3333333333333333,0.6666666666666666
944476,189.0,26.0,2544.0,26.0,0.0,0.0,13.46031746031746,0.0,5.0,False,True,16.0,6.0,6.0,4.0,2.6666666666666665,205.0,0.9219512195121952,0.07804878048780488
944560,5.0,3.0,89.0,3.0,0.0,0.0,17.8,0.0,2.0,False,False,1.0,1.0,1.0,1.0,1.0,6.0,0.8333333333333334,0.16666666666666666
944564,2.0,2.0,28.0,2.0,0.0,0.0,14.0,0.0,2.0,False,False,0.0,,,,,2.0,1.0,0.0
944644,26.0,14.0,635.0,14.0,0.0,0.0,24.423076923076923,0.0,5.0,False,False,145.0,36.0,20.0,6.0,7.25,171.0,0.15204678362573099,0.847953216374269
944646,219.0,24.0,2055.0,23.0,1.0,0.0045662100456621,9.383561643835616,0.0010799136069114472,5.0,False,True,333.0,48.0,25.0,6.0,13.32,552.0,0.3967391304347826,0.6032608695652174
944648,5.0,3.0,198.0,3.0,0.0,0.0,39.6,0.0,3.0,False,False,41.0,22.0,12.0,6.0,3.4166666666666665,46.0,0.10869565217391304,0.8913043478260869
944764,355.0,21.0,2473.0,19.0,2.0,0.005633802816901409,6.966197183098592,0.0021598272138228943,6.0,False,True,256.0,24.0,15.0,6.0,17.066666666666666,611.0,0.5810147299509002,0.41898527004909986
944766,152.0,12.0,1374.0,11.0,1.0,0.006578947368421052,9.039473684210526,0.0010799136069114472,4.0,False,True,140.0,15.0,9.0,4.0,15.555555555555555,292.0,0.5205479452054794,0.4794520547945205
944808,229.0,30.0,525.0,30.0,0.0,0.0,2.2925764192139737,0.0,6.0,False,True,0.0,,,,,229.0,1.0,0.0
944908,2.0,2.0,27.0,2.0,0.0,0.0,13.5,0.0,2.0,False,False,0.0,,,,,2.0,1.0,0.0
945046,60.0,13.0,1065.0,9.0,4.0,0.06666666666666667,17.75,0.004319654427645789,2.0,False,True,29.0,7.0,3.0,1.0,9.666666666666666,89.0,0.6741573033707865,0.3258426966292135
945052,59.0,9.0,746.0,8.0,2.0,0.03389830508474576,12.64406779661017,0.0021598272138228943,2.0,False,True,16.0,10.0,5.0,1.0,3.2,75.0,0.7866666666666666,0.21333333333333335
945058,4.0,2.0,75.0,2.0,0.0,0.0,18.75,0.0,1.0,False,False,1.0,1.0,1.0,1.0,1.0,5.0,0.8,0.2
945074,0.0,,,,0.0,,,,,,,3.0,1.0,1.0,1.0,3.0,3.0,0.0,1.0
945274,0.0,,,,0.0,,,,,,,1.0,1.0,1.0,1.0,1.0,1.0,0.0,1.0
945278,0.0,,,,0.0,,,,,,,4001.0,44.0,22.0,6.0,181.86363636363637,4001.0,0.0,1.0
945280,0.0,,,,0.0,,,,,,,2399.0,43.0,21.0,6.0,114.23809523809524,2399.0,0.0,1.0
945282,0.0,,,,0.0,,,,,,,2309.0,56.0,28.0,6.0,82.46428571428571,2309.0,0.0,1.0
945284,0.0,,,,0.0,,,,,,,2071.0,41.0,20.0,6.0,103.55,2071.0,0.0,1.0
945286,0.0,,,,0.0,,,,,,,6880.0,62.0,28.0,6.0,245.71428571428572,6880.0,0.0,1.0
945288,0.0,,,,0.0,,,,,,,2209.0,36.0,18.0,6.0,122.72222222222223,2209.0,0.0,1.0
945290,0.0,,,,0.0,,,,,,,3373.0,64.0,32.0,6.0,105.40625,3373.0,0.0,1.0
945294,0.0,,,,0.0,,,,,,,3368.0,40.0,20.0,6.0,168.4,3368.0,0.0,1.0
945296,0.0,,,,0.0,,,,,,,2434.0,71.0,35.0,6.0,69.54285714285714,2434.0,0.0,1.0
945298,0.0,,,,0.0,,,,,,,1313.0,44.0,19.0,6.0,69.10526315789474,1313.0,0.0,1.0
945302,0.0,,,,0.0,,,,,,,6138.0,70.0,35.0,6.0,175.37142857142857,6138.0,0.0,1.0
945304,0.0,,,,0.0,,,,,,,2576.0,38.0,19.0,6.0,135.57894736842104,2576.0,0.0,1.0
945308,0.0,,,,0.0,,,,,,,1584.0,31.0,16.0,4.0,99.0,1584.0,0.0,1.0
945310,0.0,,,,0.0,,,,,,,3311.0,45.0,22.0,6.0,150.5,3311.0,0.0,1.0
945312,0.0,,,,0.0,,,,,,,2146.0,50.0,25.0,6.0,85.84,2146.0,0.0,1.0
945314,0.0,,,,0.0,,,,,,,1763.0,59.0,28.0,6.0,62.964285714285715,1763.0,0.0,1.0
945316,0.0,,,,0.0,,,,,,,2575.0,61.0,30.0,6.0,85.83333333333333,2575.0,0.0,1.0
945318,0.0,,,,0.0,,,,,,,1839.0,32.0,16.0,6.0,114.9375,1839.0,0.0,1.0
945320,0.0,,,,0.0,,,,,,,2177.0,38.0,19.0,6.0,114.57894736842105,2177.0,0.0,1.0
945322,0.0,,,,0.0,,,,,,,4775.0,63.0,31.0,6.0,154.03225806451613,4775.0,0.0,1.0
945324,0.0,,,,0.0,,,,,,,2226.0,49.0,24.0,6.0,92.75,2226.0,0.0,1.0
945710,1.0,1.0,17.0,1.0,0.0,0.0,17.0,0.0,1.0,False,False,0.0,,,,,1.0,1.0,0.0
945728,0.0,,,,0.0,,,,,,,87.0,8.0,5.0,5.0,17.4,87.0,0.0,1.0
945894,0.0,,,,0.0,,,,,,,1464.0,17.0,9.0,4.0,162.66666666666666,1464.0,0.0,1.0
945898,0.0,,,,0.0,,,,,,,3.0,1.0,1.0,1.0,3.0,3.0,0.0,1.0
945900,0.0,,,,0.0,,,,,,,4210.0,43.0,21.0,6.0,200.47619047619048,4210.0,0.0,1.0
945902,0.0,,,,0.0,,,,,,,2835.0,38.0,20.0,6.0,141.75,2835.0,0.0,1.0
945904,0.0,,,,0.0,,,,,,,3813.0,37.0,19.0,5.0,200.68421052631578,3813.0,0.0,1.0
946020,1.0,1.0,3.0,1.0,0.0,0.0,3.0,0.0,1.0,False,False,0.0,,,,,1.0,1.0,0.0
946032,1.0,1.0,8.0,1.0,0.0,0.0,8.0,0.0,1.0,False,False,0.0,,,,,1.0,1.0,0.0
946072,1.0,1.0,6.0,1.0,0.0,0.0,6.0,0.0,1.0,False,False,1.0,1.0,1.0,1.0,1.0,2.0,0.5,0.5
946454,0.0,,,,0.0,,,,,,,13.0,2.0,2.0,2.0,6.5,13.0,0.0,1.0
946468,1.0,1.0,25.0,1.0,0.0,0.0,25.0,0.0,1.0,False,False,0.0,,,,,1.0,1.0,0.0
946582,44.0,10.0,80.0,10.0,0.0,0.0,1.8181818181818181,0.0,3.0,False,True,27.0,13.0,8.0,3.0,3.375,71.0,0.6197183098591549,0.38028169014084506
946916,32.0,11.0,462.0,11.0,0.0,0.0,14.4375,0.0,5.0,False,True,0.0,,,,,32.0,1.0,0.0
946988,3.0,2.0,30.0,2.0,0.0,0.0,10.0,0.0,2.0,False,False,5.0,2.0,2.0,2.0,2.5,8.0,0.375,0.625
947304,35.0,18.0,208.0,15.0,3.0,0.08571428571428572,5.942857142857143,0.0032397408207343412,5.0,False,True,645.0,46.0,17.0,5.0,37.94117647058823,680.0,0.051470588235294115,0.9485294117647058
947306,1.0,1.0,10.0,1.0,0.0,0.0,10.0,0.0,1.0,False,False,0.0,,,,,1.0,1.0,0.0
947480,0.0,,,,0.0,,,,,,,5.0,4.0,2.0,2.0,2.5,5.0,0.0,1.0
947590,0.0,,,,0.0,,,,,,,166.0,40.0,19.0,5.0,8.736842105263158,166.0,0.0,1.0
947592,0.0,,,,0.0,,,,,,,803.0,30.0,14.0,4.0,57.357142857142854,803.0,0.0,1.0
947596,0.0,,,,0.0,,,,,,,1.0,1.0,1.0,1.0,1.0,1.0,0.0,1.0
947598,0.0,,,,0.0,,,,,,,412.0,40.0,17.0,5.0,24.235294117647058,412.0,0.0,1.0
947600,0.0,,,,0.0,,,,,,,303.0,33.0,14.0,4.0,21.642857142857142,303.0,0.0,1.0
947604,1.0,1.0,14.0,1.0,0.0,0.0,14.0,0.0,1.0,False,False,912.0,45.0,20.0,5.0,45.6,913.0,0.001095290251916758,0.9989047097480832
947610,2.0,2.0,19.0,2.0,0.0,0.0,9.5,0.0,1.0,False,False,19.0,12.0,7.0,4.0,2.7142857142857144,21.0,0.09523809523809523,0.9047619047619048
947612,1.0,1.0,18.0,1.0,0.0,0.0,18.0,0.0,1.0,False,False,107.0,36.0,18.0,5.0,5.944444444444445,108.0,0.009259259259259259,0.9907407407407407
947614,0.0,,,,0.0,,,,,,,995.0,40.0,17.0,5.0,58.529411764705884,995.0,0.0,1.0
947616,0.0,,,,0.0,,,,,,,1967.0,46.0,20.0,5.0,98.35,1967.0,0.0,1.0
947618,0.0,,,,0.0,,,,,,,1076.0,37.0,15.0,4.0,71.73333333333333,1076.0,0.0,1.0
947620,0.0,,,,0.0,,,,,,,1158.0,47.0,19.0,5.0,60.94736842105263,1158.0,0.0,1.0
947636,0.0,,,,0.0,,,,,,,102.0,10.0,5.0,3.0,20.4,102.0,0.0,1.0
947638,2.0,1.0,27.0,1.0,0.0,0.0,13.5,0.0,1.0,False,False,1165.0,42.0,18.0,5.0,64.72222222222223,1167.0,0.001713796058269066,0.998286203941731
947640,0.0,,,,0.0,,,,,,,418.0,27.0,12.0,5.0,34.833333333333336,418.0,0.0,1.0
947642,1.0,1.0,14.0,1.0,0.0,0.0,14.0,0.0,1.0,False,False,901.0,41.0,17.0,4.0,53.0,902.0,0.0011086474501108647,0.9988913525498891
947644,0.0,,,,0.0,,,,,,,446.0,45.0,19.0,5.0,23.473684210526315,446.0,0.0,1.0
947646,0.0,,,,0.0,,,,,,,1893.0,35.0,15.0,5.0,126.2,1893.0,0.0,1.0
947648,0.0,,,,0.0,,,,,,,2813.0,41.0,18.0,4.0,156.27777777777777,2813.0,0.0,1.0
947650,0.0,,,,0.0,,,,,,,1603.0,45.0,19.0,5.0,84.36842105263158,1603.0,0.0,1.0
947652,0.0,,,,0.0,,,,,,,515.0,32.0,14.0,5.0,36.785714285714285,515.0,0.0,1.0
947654,0.0,,,,0.0,,,,,,,2257.0,40.0,16.0,5.0,141.0625,2257.0,0.0,1.0
947658,0.0,,,,0.0,,,,,,,2668.0,49.0,19.0,5.0,140.42105263157896,2668.0,0.0,1.0
947816,11.0,6.0,220.0,6.0,0.0,0.0,20.0,0.0,4.0,False,False,29.0,14.0,8.0,4.0,3.625,40.0,0.275,0.725
947818,12.0,4.0,137.0,4.0,0.0,0.0,11.416666666666666,0.0,3.0,False,False,33.0,10.0,7.0,3.0,4.714285714285714,45.0,0.26666666666666666,0.7333333333333333
947820,0.0,,,,0.0,,,,,,,9.0,2.0,1.0,1.0,9.0,9.0,0.0,1.0
948150,24.0,3.0,254.0,3.0,0.0,0.0,10.583333333333334,0.0,3.0,False,False,9.0,5.0,3.0,2.0,3.0,33.0,0.7272727272727273,0.2727272727272727
948170,2.0,2.0,30.0,2.0,0.0,0.0,15.0,0.0,2.0,False,False,3.0,1.0,1.0,1.0,3.0,5.0,0.4,0.6
948182,111.0,25.0,1413.0,25.0,0.0,0.0,12.72972972972973,0.0,5.0,False,True,452.0,50.0,27.0,5.0,16.74074074074074,563.0,0.19715808170515098,0.8028419182948491
948282,1.0,1.0,1.0,1.0,0.0,0.0,1.0,0.0,1.0,False,False,0.0,,,,,1.0,1.0,0.0
948284,4.0,4.0,107.0,4.0,0.0,0.0,26.75,0.0,2.0,False,False,0.0,,,,,4.0,1.0,0.0
948286,319.0,37.0,5004.0,29.0,15.0,0.047021943573667714,15.68652037617555,0.016198704103671708,5.0,False,True,0.0,,,,,319.0,1.0,0.0
948288,22.0,10.0,296.0,9.0,1.0,0.045454545454545456,13.454545454545455,0.0010799136069114472,2.0,False,False,0.0,,,,,22.0,1.0,0.0
948524,4.0,4.0,22.0,4.0,0.0,0.0,5.5,0.0,3.0,False,False,0.0,,,,,4.0,1.0,0.0
948756,1.0,1.0,8.0,1.0,1.0,1.0,8.0,0.0010799136069114472,1.0,True,False,170.0,23.0,13.0,4.0,13.076923076923077,171.0,0.005847953216374269,0.9941520467836257
948758,18.0,8.0,459.0,7.0,1.0,0.05555555555555555,25.5,0.0010799136069114472,4.0,False,False,518.0,39.0,15.0,4.0,34.53333333333333,536.0,0.033582089552238806,0.9664179104477612
949252,3.0,2.0,40.0,2.0,0.0,0.0,13.333333333333334,0.0,2.0,False,False,0.0,,,,,3.0,1.0,0.0
949420,5.0,4.0,4.0,4.0,0.0,0.0,0.8,0.0,2.0,False,False,1.0,1.0,1.0,1.0,1.0,6.0,0.8333333333333334,0.16666666666666666
950444,0.0,,,,0.0,,,,,,,86.0,28.0,17.0,5.0,5.0588235294117645,86.0,0.0,1.0
950632,1.0,1.0,13.0,1.0,0.0,0.0,13.0,0.0,1.0,False,False,0.0,,,,,1.0,1.0,0.0
950634,9.0,8.0,110.0,8.0,0.0,0.0,12.222222222222221,0.0,5.0,False,False,0.0,,,,,9.0,1.0,0.0
950640,1.0,1.0,9.0,1.0,0.0,0.0,9.0,0.0,1.0,False,False,0.0,,,,,1.0,1.0,0.0
950672,1.0,1.0,13.0,1.0,0.0,0.0,13.0,0.0,1.0,False,False,53.0,23.0,10.0,4.0,5.3,54.0,0.018518518518518517,0.9814814814814815
950806,6.0,4.0,67.0,4.0,0.0,0.0,11.166666666666666,0.0,3.0,False,False,3.0,2.0,1.0,1.0,3.0,9.0,0.6666666666666666,0.3333333333333333
950972,4.0,4.0,117.0,4.0,0.0,0.0,29.25,0.0,2.0,False,False,816.0,18.0,9.0,2.0,90.66666666666667,820.0,0.004878048780487805,0.9951219512195122
951046,3.0,3.0,42.0,3.0,0.0,0.0,14.0,0.0,3.0,False,False,34.0,8.0,4.0,2.0,8.5,37.0,0.08108108108108109,0.918918918918919
951118,4.0,4.0,130.0,4.0,0.0,0.0,32.5,0.0,3.0,False,False,0.0,,,,,4.0,1.0,0.0
951186,92.0,12.0,792.0,12.0,0.0,0.0,8.608695652173912,0.0,5.0,False,True,8.0,5.0,4.0,3.0,2.0,100.0,0.92,0.08
951290,1.0,1.0,17.0,1.0,0.0,0.0,17.0,0.0,1.0,False,False,20.0,10.0,6.0,2.0,3.3333333333333335,21.0,0.047619047619047616,0.9523809523809523
951332,8.0,4.0,256.0,4.0,0.0,0.0,32.0,0.0,2.0,False,False,5.0,4.0,4.0,4.0,1.25,13.0,0.6153846153846154,0.38461538461538464
951408,0.0,,,,0.0,,,,,,,30.0,13.0,10.0,5.0,3.0,30.0,0.0,1.0
951490,27.0,16.0,400.0,15.0,1.0,0.037037037037037035,14.814814814814815,0.0010799136069114472,5.0,False,False,0.0,,,,,27.0,1.0,0.0
951492,28.0,14.0,646.0,13.0,0.0,0.0,23.071428571428573,0.0,4.0,False,False,157.0,45.0,20.0,5.0,7.85,185.0,0.15135135135135136,0.8486486486486486
951506,40.0,17.0,1612.0,17.0,0.0,0.0,40.3,0.0,5.0,False,True,197.0,38.0,19.0,5.0,10.368421052631579,237.0,0.16877637130801687,0.8312236286919831
951508,336.0,33.0,6366.0,19.0,21.0,0.0625,18.946428571428573,0.02267818574514039,5.0,False,True,146.0,42.0,19.0,5.0,7.684210526315789,482.0,0.6970954356846473,0.3029045643153527
951526,15.0,11.0,219.0,11.0,0.0,0.0,14.6,0.0,5.0,False,False,0.0,,,,,15.0,1.0,0.0
951614,5.0,3.0,70.0,3.0,0.0,0.0,14.0,0.0,2.0,False,False,0.0,,,,,5.0,1.0,0.0
951648,0.0,,,,0.0,,,,,,,161.0,4.0,2.0,1.0,80.5,161.0,0.0,1.0
951650,1.0,1.0,45.0,1.0,0.0,0.0,45.0,0.0,1.0,False,False,10.0,3.0,2.0,2.0,5.0,11.0,0.09090909090909091,0.9090909090909091
952114,1.0,1.0,3.0,1.0,0.0,0.0,3.0,0.0,1.0,False,False,612.0,16.0,9.0,4.0,68.0,613.0,0.0016313213703099511,0.99836867862969
952116,0.0,,,,0.0,,,,,,,354.0,9.0,5.0,1.0,70.8,354.0,0.0,1.0
952126,7.0,5.0,101.0,5.0,0.0,0.0,14.428571428571429,0.0,3.0,False,False,0.0,,,,,7.0,1.0,0.0
952196,2.0,2.0,24.0,2.0,0.0,0.0,12.0,0.0,2.0,False,False,2.0,2.0,1.0,1.0,2.0,4.0,0.5,0.5
952292,2.0,1.0,81.0,1.0,0.0,0.0,40.5,0.0,1.0,False,False,0.0,,,,,2.0,1.0,0.0
952392,0.0,,,,0.0,,,,,,,1496.0,44.0,18.0,5.0,83.11111111111111,1496.0,0.0,1.0
952458,0.0,,,,0.0,,,,,,,1556.0,37.0,15.0,4.0,103.73333333333333,1556.0,0.0,1.0
952460,0.0,,,,0.0,,,,,,,177.0,23.0,12.0,4.0,14.75,177.0,0.0,1.0
952462,8.0,6.0,169.0,6.0,0.0,0.0,21.125,0.0,3.0,False,False,1.0,1.0,1.0,1.0,1.0,9.0,0.8888888888888888,0.1111111111111111
952466,0.0,,,,0.0,,,,,,,88.0,3.0,1.0,1.0,88.0,88.0,0.0,1.0
952468,0.0,,,,0.0,,,,,,,1127.0,37.0,13.0,4.0,86.6923076923077,1127.0,0.0,1.0
952656,4.0,4.0,30.0,4.0,0.0,0.0,7.5,0.0,2.0,False,False,38.0,21.0,13.0,4.0,2.923076923076923,42.0,0.09523809523809523,0.9047619047619048
952666,1.0,1.0,15.0,1.0,0.0,0.0,15.0,0.0,1.0,False,False,0.0,,,,,1.0,1.0,0.0
952678,1.0,1.0,30.0,1.0,0.0,0.0,30.0,0.0,1.0,False,False,0.0,,,,,1.0,1.0,0.0
952734,409.0,19.0,452.0,19.0,0.0,0.0,1.1051344743276283,0.0,5.0,False,True,0.0,,,,,409.0,1.0,0.0
952914,78.0,15.0,583.0,15.0,0.0,0.0,7.4743589743589745,0.0,5.0,False,True,580.0,34.0,19.0,5.0,30.526315789473685,658.0,0.11854103343465046,0.8814589665653495
952916,1.0,1.0,25.0,1.0,0.0,0.0,25.0,0.0,1.0,False,False,7.0,4.0,4.0,2.0,1.75,8.0,0.125,0.875
952948,3542.0,33.0,5638.0,25.0,8.0,0.002258610954263128,1.5917560700169395,0.008639308855291577,5.0,False,True,1178.0,63.0,26.0,5.0,45.30769230769231,4720.0,0.7504237288135593,0.24957627118644068
952954,2.0,2.0,2.0,2.0,0.0,0.0,1.0,0.0,2.0,False,False,0.0,,,,,2.0,1.0,0.0
952968,2.0,2.0,10.0,2.0,0.0,0.0,5.0,0.0,2.0,False,False,1.0,1.0,1.0,1.0,1.0,3.0,0.6666666666666666,0.3333333333333333
952982,8.0,6.0,7.0,6.0,0.0,0.0,0.875,0.0,3.0,False,False,0.0,,,,,8.0,1.0,0.0
953362,0.0,,,,0.0,,,,,,,10.0,4.0,1.0,1.0,10.0,10.0,0.0,1.0
953458,0.0,,,,0.0,,,,,,,59.0,6.0,4.0,3.0,14.75,59.0,0.0,1.0
953460,0.0,,,,0.0,,,,,,,7.0,6.0,4.0,2.0,1.75,7.0,0.0,1.0
953462,0.0,,,,0.0,,,,,,,684.0,30.0,10.0,2.0,68.4,684.0,0.0,1.0
953464,52.0,17.0,486.0,16.0,1.0,0.019230769230769232,9.346153846153847,0.0010799136069114472,4.0,False,True,317.0,27.0,12.0,4.0,26.416666666666668,369.0,0.14092140921409213,0.8590785907859079
953940,1.0,1.0,9.0,1.0,0.0,0.0,9.0,0.0,1.0,False,False,0.0,,,,,1.0,1.0,0.0
953952,7.0,3.0,91.0,3.0,0.0,0.0,13.0,0.0,1.0,False,False,0.0,,,,,7.0,1.0,0.0
954086,31.0,1.0,64.0,1.0,0.0,0.0,2.064516129032258,0.0,1.0,False,True,1.0,1.0,1.0,1.0,1.0,32.0,0.96875,0.03125
954284,0.0,,,,0.0,,,,,,,1.0,1.0,1.0,1.0,1.0,1.0,0.0,1.0
954290,10.0,7.0,197.0,7.0,0.0,0.0,19.7,0.0,2.0,False,False,0.0,,,,,10.0,1.0,0.0
954318,1.0,1.0,4.0,1.0,0.0,0.0,4.0,0.0,1.0,False,False,1.0,1.0,1.0,1.0,1.0,2.0,0.5,0.5
954376,0.0,,,,0.0,,,,,,,4.0,4.0,2.0,1.0,2.0,4.0,0.0,1.0
954378,0.0,,,,0.0,,,,,,,8.0,5.0,2.0,1.0,4.0,8.0,0.0,1.0
954380,0.0,,,,0.0,,,,,,,4.0,3.0,2.0,1.0,2.0,4.0,0.0,1.0
954616,7.0,6.0,46.0,6.0,0.0,0.0,6.571428571428571,0.0,4.0,False,False,0.0,,,,,7.0,1.0,0.0
954642,0.0,,,,0.0,,,,,,,385.0,16.0,8.0,3.0,48.125,385.0,0.0,1.0
954650,462.0,21.0,4809.0,19.0,3.0,0.006493506493506494,10.409090909090908,0.0032397408207343412,4.0,False,True,837.0,42.0,20.0,4.0,41.85,1299.0,0.3556581986143187,0.6443418013856813
954750,223.0,18.0,4878.0,17.0,1.0,0.004484304932735426,21.87443946188341,0.0010799136069114472,3.0,False,True,69.0,22.0,13.0,3.0,5.3076923076923075,292.0,0.7636986301369864,0.2363013698630137
954810,37.0,11.0,336.0,11.0,0.0,0.0,9.08108108108108,0.0,4.0,False,True,0.0,,,,,37.0,1.0,0.0
955032,38.0,12.0,328.0,10.0,1.0,0.02631578947368421,8.631578947368421,0.0010799136069114472,2.0,False,True,34.0,15.0,11.0,3.0,3.090909090909091,72.0,0.5277777777777778,0.4722222222222222
955068,0.0,,,,0.0,,,,,,,2.0,1.0,1.0,1.0,2.0,2.0,0.0,1.0
955082,0.0,,,,0.0,,,,,,,14.0,9.0,7.0,3.0,2.0,14.0,0.0,1.0
955086,0.0,,,,0.0,,,,,,,1.0,1.0,1.0,1.0,1.0,1.0,0.0,1.0
955090,0.0,,,,0.0,,,,,,,26.0,12.0,10.0,3.0,2.6,26.0,0.0,1.0
955094,0.0,,,,0.0,,,,,,,2.0,2.0,1.0,1.0,2.0,2.0,0.0,1.0
955164,2.0,2.0,52.0,2.0,0.0,0.0,26.0,0.0,2.0,False,False,3.0,3.0,3.0,3.0,1.0,5.0,0.4,0.6
955436,1.0,1.0,23.0,1.0,0.0,0.0,23.0,0.0,1.0,False,False,0.0,,,,,1.0,1.0,0.0
955820,0.0,,,,0.0,,,,,,,9.0,6.0,5.0,4.0,1.8,9.0,0.0,1.0
956080,5.0,3.0,252.0,3.0,0.0,0.0,50.4,0.0,2.0,False,False,0.0,,,,,5.0,1.0,0.0
956268,6.0,3.0,94.0,3.0,0.0,0.0,15.666666666666666,0.0,3.0,False,False,22.0,6.0,3.0,2.0,7.333333333333333,28.0,0.21428571428571427,0.7857142857142857
956276,8.0,3.0,53.0,2.0,0.0,0.0,6.625,0.0,2.0,False,False,9.0,4.0,2.0,2.0,4.5,17.0,0.47058823529411764,0.5294117647058824
956292,3.0,3.0,35.0,2.0,0.0,0.0,11.666666666666666,0.0,1.0,False,False,2.0,1.0,1.0,1.0,2.0,5.0,0.6,0.4
956298,0.0,,,,0.0,,,,,,,14.0,10.0,8.0,3.0,1.75,14.0,0.0,1.0
956480,86.0,17.0,1236.0,17.0,0.0,0.0,14.372093023255815,0.0,4.0,False,True,0.0,,,,,86.0,1.0,0.0
956484,13.0,9.0,273.0,9.0,0.0,0.0,21.0,0.0,4.0,False,False,0.0,,,,,13.0,1.0,0.0
956664,1.0,1.0,9.0,1.0,0.0,0.0,9.0,0.0,1.0,False,False,0.0,,,,,1.0,1.0,0.0
957022,0.0,,,,0.0,,,,,,,18.0,8.0,3.0,2.0,6.0,18.0,0.0,1.0
957922,3.0,2.0,26.0,1.0,1.0,0.3333333333333333,8.666666666666666,0.0010799136069114472,1.0,True,False,16.0,7.0,5.0,2.0,3.2,19.0,0.15789473684210525,0.8421052631578947
958394,22.0,10.0,157.0,10.0,0.0,0.0,7.136363636363637,0.0,3.0,False,False,0.0,,,,,22.0,1.0,0.0
958416,13.0,9.0,238.0,8.0,1.0,0.07692307692307693,18.307692307692307,0.0010799136069114472,3.0,False,False,295.0,28.0,12.0,3.0,24.583333333333332,308.0,0.04220779220779221,0.9577922077922078
958418,9.0,4.0,85.0,4.0,0.0,0.0,9.444444444444445,0.0,2.0,False,False,457.0,38.0,13.0,3.0,35.15384615384615,466.0,0.019313304721030045,0.98068669527897
958430,22.0,9.0,409.0,9.0,0.0,0.0,18.59090909090909,0.0,3.0,False,False,284.0,45.0,13.0,3.0,21.846153846153847,306.0,0.0718954248366013,0.9281045751633987
958432,15.0,10.0,377.0,10.0,0.0,0.0,25.133333333333333,0.0,3.0,False,False,147.0,40.0,14.0,3.0,10.5,162.0,0.09259259259259259,0.9074074074074074
958434,23.0,11.0,892.0,11.0,1.0,0.043478260869565216,38.78260869565217,0.0010799136069114472,3.0,False,False,138.0,33.0,11.0,3.0,12.545454545454545,161.0,0.14285714285714285,0.8571428571428571
958440,0.0,,,,0.0,,,,,,,81.0,20.0,12.0,3.0,6.75,81.0,0.0,1.0
958444,0.0,,,,0.0,,,,,,,64.0,20.0,13.0,3.0,4.923076923076923,64.0,0.0,1.0
958452,27.0,12.0,347.0,11.0,1.0,0.037037037037037035,12.851851851851851,0.0010799136069114472,3.0,False,False,423.0,39.0,13.0,3.0,32.53846153846154,450.0,0.06,0.94
958454,2.0,1.0,30.0,1.0,0.0,0.0,15.0,0.0,1.0,False,False,24.0,13.0,10.0,3.0,2.4,26.0,0.07692307692307693,0.9230769230769231
958456,10.0,6.0,264.0,6.0,0.0,0.0,26.4,0.0,2.0,False,False,842.0,29.0,10.0,3.0,84.2,852.0,0.011737089201877934,0.9882629107981221
958458,0.0,,,,0.0,,,,,,,1.0,1.0,1.0,1.0,1.0,1.0,0.0,1.0
958460,103.0,16.0,5114.0,13.0,3.0,0.02912621359223301,49.650485436893206,0.0032397408207343412,3.0,False,True,112.0,37.0,13.0,3.0,8.615384615384615,215.0,0.4790697674418605,0.5209302325581395
958468,7.0,4.0,244.0,4.0,0.0,0.0,34.857142857142854,0.0,3.0,False,False,516.0,37.0,13.0,3.0,39.69230769230769,523.0,0.01338432122370937,0.9866156787762906
958470,3.0,3.0,152.0,3.0,0.0,0.0,50.666666666666664,0.0,2.0,False,False,13.0,9.0,7.0,3.0,1.8571428571428572,16.0,0.1875,0.8125
958472,0.0,,,,0.0,,,,,,,28.0,13.0,9.0,3.0,3.111111111111111,28.0,0.0,1.0
958478,7.0,5.0,237.0,5.0,0.0,0.0,33.857142857142854,0.0,2.0,False,False,302.0,24.0,10.0,3.0,30.2,309.0,0.022653721682847898,0.9773462783171522
958480,0.0,,,,0.0,,,,,,,138.0,7.0,4.0,2.0,34.5,138.0,0.0,1.0
958640,10.0,10.0,105.0,10.0,1.0,0.1,10.5,0.0010799136069114472,3.0,False,False,11.0,3.0,3.0,2.0,3.6666666666666665,21.0,0.47619047619047616,0.5238095238095238
958672,0.0,,,,0.0,,,,,,,49.0,22.0,14.0,3.0,3.5,49.0,0.0,1.0
959118,0.0,,,,0.0,,,,,,,14.0,6.0,4.0,3.0,3.5,14.0,0.0,1.0
959312,56.0,13.0,418.0,12.0,7.0,0.125,7.464285714285714,0.00755939524838013,3.0,True,True,145.0,17.0,10.0,3.0,14.5,201.0,0.27860696517412936,0.7213930348258707
959596,0.0,,,,0.0,,,,,,,9.0,2.0,1.0,1.0,9.0,9.0,0.0,1.0
960294,1.0,1.0,36.0,1.0,0.0,0.0,36.0,0.0,1.0,False,False,296.0,14.0,7.0,2.0,42.285714285714285,297.0,0.003367003367003367,0.9966329966329966
960296,2.0,2.0,126.0,2.0,0.0,0.0,63.0,0.0,2.0,False,False,170.0,9.0,5.0,3.0,34.0,172.0,0.011627906976744186,0.9883720930232558
960620,50.0,10.0,748.0,9.0,1.0,0.02,14.96,0.0010799136069114472,3.0,False,True,58.0,18.0,10.0,3.0,5.8,108.0,0.46296296296296297,0.5370370370370371
960648,33.0,8.0,579.0,8.0,0.0,0.0,17.545454545454547,0.0,2.0,False,True,79.0,17.0,9.0,3.0,8.777777777777779,112.0,0.29464285714285715,0.7053571428571429
960666,0.0,,,,0.0,,,,,,,1.0,1.0,1.0,1.0,1.0,1.0,0.0,1.0
960670,0.0,,,,0.0,,,,,,,3.0,2.0,2.0,2.0,1.5,3.0,0.0,1.0
960672,0.0,,,,0.0,,,,,,,219.0,20.0,8.0,2.0,27.375,219.0,0.0,1.0
960674,0.0,,,,0.0,,,,,,,2.0,1.0,1.0,1.0,2.0,2.0,0.0,1.0
960698,6.0,3.0,101.0,3.0,0.0,0.0,16.833333333333332,0.0,2.0,False,False,0.0,,,,,6.0,1.0,0.0
960950,0.0,,,,0.0,,,,,,,14.0,8.0,7.0,3.0,2.0,14.0,0.0,1.0
961064,23.0,6.0,173.0,6.0,0.0,0.0,7.521739130434782,0.0,2.0,False,False,904.0,16.0,8.0,2.0,113.0,927.0,0.02481121898597627,0.9751887810140237
961552,3.0,1.0,104.0,1.0,0.0,0.0,34.666666666666664,0.0,1.0,False,False,11.0,4.0,2.0,1.0,5.5,14.0,0.21428571428571427,0.7857142857142857
961770,79.0,16.0,866.0,15.0,0.0,0.0,10.962025316455696,0.0,3.0,False,True,0.0,,,,,79.0,1.0,0.0
962062,15.0,8.0,204.0,8.0,0.0,0.0,13.6,0.0,3.0,False,False,0.0,,,,,15.0,1.0,0.0
962168,4.0,4.0,69.0,4.0,0.0,0.0,17.25,0.0,3.0,False,False,0.0,,,,,4.0,1.0,0.0
962268,38.0,11.0,642.0,11.0,0.0,0.0,16.894736842105264,0.0,3.0,False,True,94.0,17.0,10.0,3.0,9.4,132.0,0.2878787878787879,0.7121212121212122
962658,331.0,14.0,2721.0,14.0,0.0,0.0,8.220543806646525,0.0,3.0,False,True,320.0,40.0,14.0,3.0,22.857142857142858,651.0,0.5084485407066052,0.4915514592933948
962902,223.0,12.0,1610.0,12.0,0.0,0.0,7.219730941704036,0.0,3.0,False,True,399.0,34.0,12.0,3.0,33.25,622.0,0.35852090032154343,0.6414790996784566
962904,0.0,,,,0.0,,,,,,,2.0,1.0,1.0,1.0,2.0,2.0,0.0,1.0
963716,0.0,,,,0.0,,,,,,,1.0,1.0,1.0,1.0,1.0,1.0,0.0,1.0
964510,15.0,6.0,150.0,5.0,2.0,0.13333333333333333,10.0,0.0021598272138228943,2.0,True,False,131.0,19.0,8.0,2.0,16.375,146.0,0.10273972602739725,0.8972602739726028
964518,2.0,1.0,42.0,1.0,0.0,0.0,21.0,0.0,1.0,False,False,0.0,,,,,2.0,1.0,0.0
964666,43.0,9.0,578.0,6.0,3.0,0.06976744186046512,13.44186046511628,0.0032397408207343412,2.0,False,True,814.0,13.0,6.0,2.0,135.66666666666666,857.0,0.050175029171528586,0.9498249708284714
964712,6.0,3.0,122.0,2.0,0.0,0.0,20.333333333333332,0.0,1.0,False,False,9.0,3.0,1.0,1.0,9.0,15.0,0.4,0.6
964716,0.0,,,,0.0,,,,,,,296.0,17.0,8.0,2.0,37.0,296.0,0.0,1.0
965232,0.0,,,,0.0,,,,,,,37.0,8.0,3.0,2.0,12.333333333333334,37.0,0.0,1.0
965328,0.0,,,,0.0,,,,,,,28.0,8.0,6.0,2.0,4.666666666666667,28.0,0.0,1.0
965538,0.0,,,,0.0,,,,,,,475.0,14.0,7.0,2.0,67.85714285714286,475.0,0.0,1.0
965540,0.0,,,,0.0,,,,,,,807.0,18.0,9.0,2.0,89.66666666666667,807.0,0.0,1.0
965542,0.0,,,,0.0,,,,,,,681.0,13.0,5.0,2.0,136.2,681.0,0.0,1.0
965544,0.0,,,,0.0,,,,,,,1277.0,13.0,6.0,2.0,212.83333333333334,1277.0,0.0,1.0
965942,4.0,2.0,51.0,1.0,0.0,0.0,12.75,0.0,1.0,False,False,0.0,,,,,4.0,1.0,0.0
966158,3.0,3.0,45.0,2.0,0.0,0.0,15.0,0.0,2.0,False,False,34.0,14.0,8.0,2.0,4.25,37.0,0.08108108108108109,0.918918918918919
966686,2.0,1.0,33.0,1.0,0.0,0.0,16.5,0.0,1.0,False,False,1.0,1.0,1.0,1.0,1.0,3.0,0.6666666666666666,0.3333333333333333
967204,0.0,,,,0.0,,,,,,,3.0,3.0,3.0,2.0,1.0,3.0,0.0,1.0
967310,1.0,1.0,8.0,1.0,0.0,0.0,8.0,0.0,1.0,False,False,52.0,13.0,5.0,2.0,10.4,53.0,0.018867924528301886,0.9811320754716981
968150,4.0,2.0,4.0,2.0,0.0,0.0,1.0,0.0,2.0,False,False,91.0,12.0,6.0,2.0,15.166666666666666,95.0,0.042105263157894736,0.9578947368421052
968232,1.0,1.0,13.0,1.0,0.0,0.0,13.0,0.0,1.0,False,False,0.0,,,,,1.0,1.0,0.0
968338,13.0,6.0,115.0,6.0,0.0,0.0,8.846153846153847,0.0,2.0,False,False,213.0,13.0,7.0,2.0,30.428571428571427,226.0,0.05752212389380531,0.9424778761061947
968368,2.0,2.0,38.0,2.0,0.0,0.0,19.0,0.0,1.0,False,False,0.0,,,,,2.0,1.0,0.0
968520,5.0,1.0,5.0,1.0,0.0,0.0,1.0,0.0,1.0,False,False,0.0,,,,,5.0,1.0,0.0
969262,0.0,,,,0.0,,,,,,,1.0,1.0,1.0,1.0,1.0,1.0,0.0,1.0
969268,0.0,,,,0.0,,,,,,,5.0,2.0,2.0,1.0,2.5,5.0,0.0,1.0
969272,154.0,8.0,1867.0,7.0,1.0,0.006493506493506494,12.123376623376624,0.0010799136069114472,2.0,False,True,228.0,22.0,7.0,2.0,32.57142857142857,382.0,0.4031413612565445,0.5968586387434555
969284,0.0,,,,0.0,,,,,,,1.0,1.0,1.0,1.0,1.0,1.0,0.0,1.0
969286,0.0,,,,0.0,,,,,,,8.0,5.0,3.0,1.0,2.6666666666666665,8.0,0.0,1.0
969288,3.0,2.0,88.0,2.0,0.0,0.0,29.333333333333332,0.0,1.0,False,False,2.0,1.0,1.0,1.0,2.0,5.0,0.6,0.4
969294,84.0,4.0,710.0,4.0,0.0,0.0,8.452380952380953,0.0,1.0,False,True,12.0,6.0,4.0,2.0,3.0,96.0,0.875,0.125
969380,1.0,1.0,21.0,1.0,0.0,0.0,21.0,0.0,1.0,False,False,7.0,1.0,1.0,1.0,7.0,8.0,0.125,0.875
969386,0.0,,,,0.0,,,,,,,54.0,8.0,5.0,2.0,10.8,54.0,0.0,1.0
969600,0.0,,,,0.0,,,,,,,19.0,2.0,2.0,2.0,9.5,19.0,0.0,1.0
970240,1.0,1.0,44.0,1.0,0.0,0.0,44.0,0.0,1.0,False,False,1.0,1.0,1.0,1.0,1.0,2.0,0.5,0.5
970242,0.0,,,,0.0,,,,,,,10.0,3.0,1.0,1.0,10.0,10.0,0.0,1.0
970244,2.0,1.0,81.0,1.0,0.0,0.0,40.5,0.0,1.0,False,False,2.0,2.0,1.0,1.0,2.0,4.0,0.5,0.5
970250,0.0,,,,0.0,,,,,,,1.0,1.0,1.0,1.0,1.0,1.0,0.0,1.0
970252,1.0,1.0,25.0,1.0,0.0,0.0,25.0,0.0,1.0,False,False,5.0,2.0,1.0,1.0,5.0,6.0,0.16666666666666666,0.8333333333333334
970254,3.0,1.0,121.0,1.0,0.0,0.0,40.333333333333336,0.0,1.0,False,False,9.0,4.0,1.0,1.0,9.0,12.0,0.25,0.75
970258,0.0,,,,0.0,,,,,,,1.0,1.0,1.0,1.0,1.0,1.0,0.0,1.0
970484,0.0,,,,0.0,,,,,,,7.0,3.0,2.0,1.0,3.5,7.0,0.0,1.0
970486,0.0,,,,0.0,,,,,,,6.0,4.0,2.0,1.0,3.0,6.0,0.0,1.0
971100,3.0,2.0,26.0,2.0,0.0,0.0,8.666666666666666,0.0,1.0,False,False,0.0,,,,,3.0,1.0,0.0
971102,76.0,4.0,1352.0,4.0,0.0,0.0,17.789473684210527,0.0,1.0,False,True,0.0,,,,,76.0,1.0,0.0
971354,6.0,2.0,84.0,2.0,0.0,0.0,14.0,0.0,1.0,False,False,0.0,,,,,6.0,1.0,0.0
972408,0.0,,,,0.0,,,,,,,6.0,2.0,1.0,1.0,6.0,6.0,0.0,1.0
972410,0.0,,,,0.0,,,,,,,77.0,4.0,2.0,1.0,38.5,77.0,0.0,1.0
972412,1.0,1.0,25.0,1.0,0.0,0.0,25.0,0.0,1.0,False,False,60.0,4.0,2.0,1.0,30.0,61.0,0.01639344262295082,0.9836065573770492
972460,1.0,1.0,4.0,1.0,0.0,0.0,4.0,0.0,1.0,False,False,50.0,6.0,2.0,1.0,25.0,51.0,0.0196078431372549,0.9803921568627451
973120,0.0,,,,0.0,,,,,,,3.0,2.0,1.0,1.0,3.0,3.0,0.0,1.0
973286,2.0,1.0,88.0,1.0,0.0,0.0,44.0,0.0,1.0,False,False,0.0,,,,,2.0,1.0,0.0
